Employee_Name,EmpID,MarriedID,MaritalStatusID,GenderID,EmpStatusID,DeptID,PerfScoreID,FromDiversityJobFairID,Salary,Termd,PositionID,Position,State,Zip,DOB,Sex,MaritalDesc,CitizenDesc,HispanicLatino,RaceDesc,DateofHire,DateofTermination,TermReason,EmploymentStatus,Department,ManagerName,ManagerID,RecruitmentSource,PerformanceScore,EngagementSurvey,EmpSatisfaction,SpecialProjectsCount,LastPerformanceReview_Date,DaysLateLast30,Absences
"Adinolfi, Wilson  K",10026,0,0,1,1,5,4,0,"RM62,506.00",0,19,Production Technician I,MA,1960,7/10/1983,M ,Single,US Citizen,No,White,7/5/2011,,N/A-Stillemployed,Active,Production       ,Michael Albert,22,Linkedin,Exceeds,4.6,5,0,1/17/2019,0,1
"Ait Sidi, Karthikeyan   ",10084,1,1,1,5,3,3,0,"RM104,437.00",1,27,Sr. DBA,MA,2148,5/5/1975,M ,Married,US Citizen,No,White,3/30/2015,6/16/2016,Career Change,Voluntarily Terminated,IT/IS,Simon Roup,4,Indeed,Fully Meets,4.96,3,6,2/24/2016,0,17
"Akinkuolie, Sarah",10196,1,1,0,5,5,3,0,"RM64,955.00",1,20,Production Technician II,MA,1810,09/19/88,F,Married,US Citizen,No,White,7/5/2011,9/24/2012,Hours,Voluntarily Terminated,Production       ,Kissy Sullivan,20,Linkedin,Fully Meets,3.02,3,0,5/15/2012,0,3
"Alagbe,Trina",10088,1,1,0,1,5,3,0,"RM64,991.00",0,19,Production Technician I,MA,1886,09/27/88,F,Married,US Citizen,No,White,1/7/2008,,N/A-Stillemployed,Active,Production       ,Elijiah Gray,16,Indeed,Fully Meets,4.84,5,0,1/3/2019,0,15
"Anderson, Carol ",10069,0,2,0,5,5,3,0,"RM50,825.00",1,19,Production Technician I,MA,2169,9/8/1989,F,Divorced,US Citizen,No,White,7/11/2011,9/6/2016,Return To School,Voluntarily Terminated,Production       ,Webster Butler,39,Google Search,Fully Meets,5,4,0,2/1/2016,0,2
"Anderson, Linda  ",10002,0,0,0,1,5,4,0,"RM57,568.00",0,19,Production Technician I,MA,1844,05/22/77,F,Single,US Citizen,No,White,1/9/2012,,N/A-Stillemployed,Active,Production       ,Amy Dunn,11,Linkedin,Exceeds,5,5,0,1/7/2019,0,15
"Andreola, Colby",10194,0,0,0,1,4,3,0,"RM95,660.00",0,24,Software Engineer,MA,2110,05/24/79,F,Single,US Citizen,No,White,11/10/2014,,N/A-Stillemployed,Active,Software Engineering,Alex Sweetwater,10,Linkedin,Fully Meets,3.04,3,4,1/2/2019,0,19
"Athwal, Sam",10062,0,4,1,1,5,3,0,"RM59,365.00",0,19,Production Technician I,MA,2199,02/18/83,M ,Widowed,US Citizen,No,White,9/30/2013,,N/A-Stillemployed,Active,Production       ,Ketsia Liebig,19,Employee Referral,Fully Meets,5,4,0,2/25/2019,0,19
"Bachiochi, Linda",10114,0,0,0,3,5,3,1,"RM47,837.00",0,19,Production Technician I,MA,1902,2/11/1970,F,Single,US Citizen,No,Black or African American,7/6/2009,,N/A-Stillemployed,Active,Production       ,Brannon Miller,12,Diversity Job Fair,Fully Meets,4.46,3,0,1/25/2019,0,4
"Bacong, Alejandro ",10250,0,2,1,1,3,3,0,"RM50,178.00",0,14,IT Support,MA,1886,1/7/1988,M ,Divorced,US Citizen,No,White,1/5/2015,,N/A-Stillemployed,Active,IT/IS,Peter Monroe,7,Indeed,Fully Meets,5,5,6,2/18/2019,0,16
"Baczenski, Rachael  ",10252,1,1,0,5,5,3,1,"RM54,670.00",1,19,Production Technician I,MA,1902,1/12/1974,F,Married,US Citizen,Yes,Black or African American,1/10/2011,1/12/2017,Another Position,Voluntarily Terminated,Production       ,David Stanley,14,Diversity Job Fair,Fully Meets,4.2,4,0,1/30/2016,0,12
"Barbara, Thomas",10242,1,1,1,5,5,3,1,"RM47,211.00",1,19,Production Technician I,MA,2062,02/21/74,M ,Married,US Citizen,Yes,Black or African American,4/2/2012,9/19/2016,Unhappy,Voluntarily Terminated,Production       ,Kissy Sullivan,20,Diversity Job Fair,Fully Meets,4.2,3,0,5/6/2016,0,15
"Barbossa, Hector",10012,0,2,1,1,3,4,1,"RM92,328.00",0,9,Data Analyst,TX,78230,7/4/1988,M ,Divorced,US Citizen,No,Black or African American,11/10/2014,,N/A-Stillemployed,Active,IT/IS,Simon Roup,4,Diversity Job Fair,Exceeds,4.28,4,5,2/25/2019,0,9
"Barone, Francesco  A",10265,0,0,1,1,5,3,0,"RM58,709.00",0,19,Production Technician I,MA,1810,07/20/83,M ,Single,US Citizen,No,Two or more races,2/20/2012,,N/A-Stillemployed,Active,Production       ,Kelley Spirea,18,Google Search,Fully Meets,4.6,4,0,2/14/2019,0,7
"Barton, Nader",10066,0,2,1,5,5,3,0,"RM52,505.00",1,19,Production Technician I,MA,2747,07/15/77,M ,Divorced,US Citizen,No,White,9/24/2012,4/6/2017,Another Position,Voluntarily Terminated,Production       ,Michael Albert,22,On-Line Web Application,Fully Meets,5,5,0,3/2/2017,0,1
"Bates, Norman",10061,0,0,1,4,5,3,0,"RM57,834.00",1,19,Production Technician I,MA,2050,10/18/81,M ,Single,US Citizen,No,White,2/21/2011,8/4/2017,Attendance,Terminated For Cause,Production       ,Kelley Spirea,18,Google Search,Fully Meets,5,4,0,4/5/2017,0,20
"Beak, Kimberly  ",10023,1,1,0,2,5,4,0,"RM70,131.00",0,20,Production Technician II,MA,2145,04/17/66,F,Married,US Citizen,No,White,7/21/2016,,N/A-Stillemployed,Active,Production       ,Kelley Spirea,18,Employee Referral,Exceeds,4.4,3,0,1/14/2019,0,16
"Beatrice, Courtney ",10055,0,0,0,1,5,3,0,"RM59,026.00",0,19,Production Technician I,MA,1915,10/27/70,F,Single,Eligible NonCitizen,No,White,4/4/2011,,N/A-Stillemployed,Active,Production       ,Elijiah Gray,16,Google Search,Fully Meets,5,5,0,1/14/2019,0,12
"Becker, Renee",10245,0,0,0,4,3,3,0,"RM110,000.00",1,8,Database Administrator,MA,2026,4/4/1986,F,Single,US Citizen,Yes,White,7/7/2014,9/12/2015,Performance,Terminated For Cause,IT/IS,Simon Roup,4,Google Search,Fully Meets,4.5,4,5,1/15/2015,0,8
"Becker, Scott",10277,0,0,1,3,5,3,0,"RM53,250.00",0,19,Production Technician I,MA,2452,4/6/1979,M ,Single,US Citizen,No,Asian,7/8/2013,,N/A-Stillemployed,Active,Production       ,Webster Butler,,Linkedin,Fully Meets,4.2,4,0,1/11/2019,0,13
"Bernstein, Sean",10046,0,0,1,1,5,3,0,"RM51,044.00",0,19,Production Technician I,MA,2072,12/22/70,M ,Single,US Citizen,Yes,White,4/2/2012,,N/A-Stillemployed,Active,Production       ,Amy Dunn,11,Google Search,Fully Meets,5,3,0,1/14/2019,0,13
"Biden, Lowan  M",10226,0,2,0,1,5,3,0,"RM64,919.00",0,19,Production Technician I,MA,2027,12/27/58,F,Divorced,US Citizen,No,Asian,8/19/2013,,N/A-Stillemployed,Active,Production       ,Ketsia Liebig,19,Indeed,Fully Meets,4.2,3,0,1/10/2019,0,2
"Billis, Helen",10003,1,1,0,1,5,4,0,"RM62,910.00",0,19,Production Technician I,MA,2031,9/1/1989,F,Married,US Citizen,No,White,7/7/2014,,N/A-Stillemployed,Active,Production       ,Brannon Miller,12,Indeed,Exceeds,5,3,0,2/27/2019,0,19
"Blount, Dianna",10294,0,0,0,1,5,2,0,"RM66,441.00",0,20,Production Technician II,MA,2171,09/21/90,F,Single,US Citizen,No,White,4/4/2011,,N/A-Stillemployed,Active,Production       ,Michael Albert,22,Careerbuilder,Needs Improvement,2,3,0,2/27/2019,2,3
"Bondwell, Betsy",10267,0,0,0,5,5,3,0,"RM57,815.00",1,20,Production Technician II,MA,2210,01/16/67,F,Single,US Citizen,No,White,1/10/2011,4/4/2014,Career Change,Voluntarily Terminated,Production       ,Elijiah Gray,16,Google Search,Fully Meets,4.8,5,0,3/4/2014,0,5
"Booth, Frank",10199,0,0,1,4,3,3,0,"RM103,613.00",1,30,Enterprise Architect,CT,6033,07/30/64,M ,Single,US Citizen,No,Black or African American,2/17/2014,2/19/2016,Learned That He Is A Gangster,Terminated For Cause,IT/IS,Simon Roup,4,Linkedin,Fully Meets,3.5,5,7,1/10/2016,0,2
"Boutwell, Bonalyn",10081,1,1,0,1,1,3,1,"RM106,367.00",0,26,Sr. Accountant,MA,2468,4/4/1987,F,Married,US Citizen,No,Black or African American,2/16/2015,,N/A-Stillemployed,Active,Admin Offices,Brandon R. Leblanc,3,Diversity Job Fair,Fully Meets,5,4,3,2/18/2019,0,4
"Bozzi, Charles",10175,0,0,1,5,5,3,0,"RM74,312.00",1,18,Production Manager,MA,1901,3/10/1970,M ,Single,US Citizen,No,Asian,9/30/2013,8/7/2014,Retiring,Voluntarily Terminated,Production       ,Janet King,2,Indeed,Fully Meets,3.39,3,0,2/20/2014,0,14
"Brill, Donna",10177,1,1,0,5,5,3,0,"RM53,492.00",1,19,Production Technician I,MA,1701,08/24/90,F,Married,US Citizen,No,White,4/2/2012,6/15/2013,Another Position,Voluntarily Terminated,Production       ,David Stanley,14,Google Search,Fully Meets,3.35,4,0,3/4/2013,0,6
"Brown, Mia",10238,1,1,0,1,1,3,1,"RM63,000.00",0,1,Accountant I,MA,1450,11/24/87,F,Married,US Citizen,No,Black or African American,10/27/2008,,N/A-Stillemployed,Active,Admin Offices,Brandon R. Leblanc,1,Diversity Job Fair,Fully Meets,4.5,2,6,1/15/2019,0,14
"Buccheri, Joseph  ",10184,0,0,1,1,5,3,0,"RM65,288.00",0,20,Production Technician II,MA,1013,07/28/83,M ,Single,US Citizen,No,White,9/29/2014,,N/A-Stillemployed,Active,Production       ,Webster Butler,,Google Search,Fully Meets,3.19,3,0,2/1/2019,0,9
"Bugali, Josephine ",10203,0,3,0,3,5,3,1,"RM64,375.00",0,19,Production Technician I,MA,2043,10/30/69,F,Separated,US Citizen,No,Black or African American,11/11/2013,,N/A-Stillemployed,Active,Production       ,Kissy Sullivan,20,Diversity Job Fair,Fully Meets,3.5,5,0,1/21/2019,0,17
"Bunbury, Jessica",10188,1,1,0,5,6,3,0,"RM74,326.00",1,3,Area Sales Manager,VA,21851,6/1/1964,F,Married,Eligible NonCitizen,No,Black or African American,8/15/2011,8/2/2014,Another Position,Voluntarily Terminated,Sales,John Smith,17,Google Search,Fully Meets,3.14,5,0,2/10/2013,1,19
"Burke, Joelle",10107,0,0,0,1,5,3,0,"RM63,763.00",0,20,Production Technician II,MA,2148,3/2/1980,F,Single,US Citizen,No,Black or African American,3/5/2012,,N/A-Stillemployed,Active,Production       ,Amy Dunn,11,Employee Referral,Fully Meets,4.51,4,0,2/21/2019,0,3
"Burkett, Benjamin ",10181,1,1,1,1,5,3,0,"RM62,162.00",0,20,Production Technician II,MA,1890,08/19/77,M ,Married,US Citizen,No,White,4/4/2011,,N/A-Stillemployed,Active,Production       ,Ketsia Liebig,19,Indeed,Fully Meets,3.25,5,0,1/14/2019,0,15
"Cady, Max ",10150,0,0,1,1,4,3,0,"RM77,692.00",0,25,Software Engineering Manager,MA,2184,11/22/66,M ,Single,US Citizen,No,White,8/15/2011,,N/A-Stillemployed,Active,Software Engineering,Jennifer Zamora,5,Google Search,Fully Meets,3.84,3,5,1/21/2019,0,4
"Candie, Calvin",10001,0,0,1,1,5,4,0,"RM72,640.00",0,18,Production Manager,MA,2169,8/9/1983,M ,Single,US Citizen,No,White,1/28/2016,,N/A-Stillemployed,Active,Production       ,Janet King,2,Indeed,Exceeds,5,3,0,2/22/2019,0,14
"Carabbio, Judith",10085,0,0,0,1,4,3,0,"RM93,396.00",0,24,Software Engineer,MA,2132,4/5/1987,F,Single,US Citizen,No,White,11/11/2013,,N/A-Stillemployed,Active,Software Engineering,Alex Sweetwater,10,Indeed,Fully Meets,4.96,4,6,1/30/2019,0,3
"Carey, Michael  ",10115,0,0,1,1,5,3,0,"RM52,846.00",0,19,Production Technician I,MA,1701,2/2/1983,M ,Single,US Citizen,No,Black or African American,3/31/2014,,N/A-Stillemployed,Active,Production       ,Kelley Spirea,18,Linkedin,Fully Meets,4.43,3,0,2/1/2019,0,14
"Carr, Claudia  N",10082,0,0,0,2,3,3,0,"RM100,031.00",0,27,Sr. DBA,MA,1886,6/6/1986,F,Single,US Citizen,No,Black or African American,6/30/2016,,N/A-Stillemployed,Active,IT/IS,Simon Roup,4,Linkedin,Fully Meets,5,5,6,2/18/2019,0,7
"Carter, Michelle ",10040,0,0,0,1,6,3,0,"RM71,860.00",0,3,Area Sales Manager,VT,5664,05/15/63,F,Single,US Citizen,No,White,8/18/2014,,N/A-Stillemployed,Active,Sales,John Smith,17,Indeed,Fully Meets,5,5,0,1/21/2019,0,7
"Chace, Beatrice ",10067,0,0,0,1,5,3,0,"RM61,656.00",0,19,Production Technician I,MA,2763,1/2/1951,F,Single,US Citizen,No,White,9/29/2014,,N/A-Stillemployed,Active,Production       ,Michael Albert,22,Google Search,Fully Meets,5,4,0,2/12/2019,0,11
"Champaigne, Brian",10108,1,1,1,1,3,3,0,"RM110,929.00",0,5,BI Director,MA,2045,2/9/1972,M ,Married,US Citizen,No,White,9/6/2016,,N/A-Stillemployed,Active,IT/IS,Jennifer Zamora,5,Indeed,Fully Meets,4.5,5,7,1/15/2019,0,8
"Chan, Lin",10210,0,0,0,1,5,3,0,"RM54,237.00",0,19,Production Technician I,MA,2170,2/12/1979,F,Single,US Citizen,No,White,5/12/2014,,N/A-Stillemployed,Active,Production       ,Elijiah Gray,16,Indeed,Fully Meets,3.3,4,0,2/19/2019,0,11
"Chang, Donovan  E",10154,0,0,1,1,5,3,0,"RM60,380.00",0,19,Production Technician I,MA,1845,08/24/83,M ,Single,US Citizen,No,White,7/8/2013,,N/A-Stillemployed,Active,Production       ,Webster Butler,,Linkedin,Fully Meets,3.8,5,0,1/14/2019,0,4
"Chigurh, Anton",10200,0,0,1,1,6,3,0,"RM66,808.00",0,3,Area Sales Manager,TX,78207,6/11/1970,M ,Single,Eligible NonCitizen,No,Black or African American,5/14/2012,,N/A-Stillemployed,Active,Sales,Lynn Daneault,21,Employee Referral,Fully Meets,3,5,0,1/19/2019,0,17
"Chivukula, Enola",10240,0,0,0,5,5,3,0,"RM64,786.00",1,19,Production Technician I,MA,1775,08/27/83,F,Single,US Citizen,No,White,6/27/2011,11/15/2015,Relocation Out Of Area,Voluntarily Terminated,Production       ,Amy Dunn,11,Indeed,Fully Meets,4.3,4,0,3/10/2015,0,3
"Cierpiszewski, Caroline  ",10168,0,0,0,1,5,3,0,"RM64,816.00",0,19,Production Technician I,MA,2044,05/31/88,F,Single,Non-Citizen,No,Black or African American,10/3/2011,,N/A-Stillemployed,Active,Production       ,Ketsia Liebig,19,Indeed,Fully Meets,3.58,5,0,1/30/2019,0,3
"Clayton, Rick",10220,0,0,1,1,3,3,0,"RM68,678.00",0,14,IT Support,MA,2170,9/5/1985,M ,Single,US Citizen,No,White,9/5/2012,,N/A-Stillemployed,Active,IT/IS,Eric Dougall,6,Indeed,Fully Meets,4.7,3,6,2/27/2019,0,2
"Cloninger, Jennifer",10275,1,1,0,5,5,3,0,"RM64,066.00",1,20,Production Technician II,MA,1752,08/31/81,F,Married,US Citizen,No,White,5/16/2011,1/7/2013,Unhappy,Voluntarily Terminated,Production       ,Brannon Miller,12,Google Search,Fully Meets,4.2,5,0,5/3/2012,0,9
"Close, Phil",10269,1,1,1,5,5,3,0,"RM59,369.00",1,20,Production Technician II,MA,2169,11/25/78,M ,Married,US Citizen,No,White,8/30/2010,9/26/2011,Career Change,Voluntarily Terminated,Production       ,David Stanley,14,Indeed,Fully Meets,4.2,4,0,5/4/2011,0,6
"Clukey, Elijian",10029,1,1,1,2,5,4,0,"RM50,373.00",0,19,Production Technician I,MA,2134,08/26/80,M ,Married,US Citizen,No,White,7/6/2016,,N/A-Stillemployed,Active,Production       ,Brannon Miller,12,Employee Referral,Exceeds,4.1,4,0,2/28/2019,0,5
"Cockel, James",10261,0,0,1,1,5,3,0,"RM63,108.00",0,19,Production Technician I,MA,2452,9/8/1977,M ,Single,US Citizen,No,White,7/8/2013,,N/A-Stillemployed,Active,Production       ,David Stanley,14,Employee Referral,Fully Meets,4.4,5,0,1/14/2019,0,3
"Cole, Spencer",10292,0,0,1,4,5,2,0,"RM59,144.00",1,19,Production Technician I,MA,1880,8/12/1979,M ,Single,US Citizen,No,Black or African American,7/11/2011,9/23/2016,Performance,Terminated For Cause,Production       ,Kissy Sullivan,20,Linkedin,Needs Improvement,2,3,0,5/1/2016,5,16
"Corleone, Michael",10282,0,2,1,1,5,2,0,"RM68,051.00",0,18,Production Manager,MA,1803,12/17/75,M ,Divorced,US Citizen,No,White,7/20/2010,,N/A-Stillemployed,Active,Production       ,Janet King,2,Careerbuilder,Needs Improvement,4.13,2,0,1/14/2019,3,3
"Corleone, Vito",10019,0,0,1,1,5,4,0,"RM170,500.00",0,10,Director of Operations,MA,2030,03/19/83,M ,Single,US Citizen,No,Black or African American,1/5/2009,,N/A-Stillemployed,Active,Production       ,Janet King,2,Indeed,Exceeds,3.7,5,0,2/4/2019,0,15
"Cornett, Lisa ",10094,1,1,0,1,5,3,0,"RM63,381.00",0,19,Production Technician I,MA,2189,03/31/77,F,Married,US Citizen,Yes,White,1/5/2015,,N/A-Stillemployed,Active,Production       ,Kelley Spirea,18,Indeed,Fully Meets,4.73,5,0,2/14/2019,0,6
"Costello, Frank",10193,1,1,1,1,3,3,0,"RM83,552.00",0,9,Data Analyst,MA,1810,08/26/86,M ,Married,US Citizen,No,White,3/30/2015,,N/A-Stillemployed,Active,IT/IS,Simon Roup,4,Indeed,Fully Meets,3.04,3,6,1/22/2019,0,2
"Crimmings,   Jean",10132,0,0,0,2,5,3,0,"RM56,149.00",0,19,Production Technician I,MA,1821,4/10/1987,F,Single,US Citizen,No,White,7/6/2016,,N/A-Stillemployed,Active,Production       ,Michael Albert,22,Linkedin,Fully Meets,4.12,5,0,1/28/2019,0,15
"Cross, Noah",10083,0,0,1,1,3,3,0,"RM92,329.00",0,28,Sr. Network Engineer,CT,6278,9/9/1965,M ,Single,US Citizen,No,White,11/10/2014,,N/A-Stillemployed,Active,IT/IS,Peter Monroe,7,Employee Referral,Fully Meets,5,3,4,1/2/2019,0,5
"Daneault, Lynn",10099,0,0,0,1,6,3,0,"RM65,729.00",0,21,Sales Manager,VT,5473,04/19/90,F,Single,US Citizen,No,White,5/5/2014,,N/A-Stillemployed,Active,Sales,Debra Houlihan,15,Indeed,Fully Meets,4.62,4,0,1/24/2019,0,8
"Daniele, Ann  ",10212,1,1,0,3,3,3,0,"RM85,028.00",0,28,Sr. Network Engineer,CT,6033,01/18/52,F,Married,US Citizen,No,White,11/10/2014,,N/A-Stillemployed,Active,IT/IS,Peter Monroe,7,Linkedin,Fully Meets,3.1,5,8,2/12/2019,0,19
"Darson, Jene'ya ",10056,1,1,0,1,5,3,0,"RM57,583.00",0,19,Production Technician I,MA,2110,11/5/1978,F,Married,US Citizen,No,White,7/2/2012,,N/A-Stillemployed,Active,Production       ,Elijiah Gray,16,Indeed,Fully Meets,5,3,0,2/25/2019,0,1
"Davis, Daniel",10143,0,0,1,1,5,3,0,"RM56,294.00",0,20,Production Technician II,MA,2458,09/14/79,M ,Single,Eligible NonCitizen,No,Two or more races,11/7/2011,,N/A-Stillemployed,Active,Production       ,Kissy Sullivan,20,Linkedin,Fully Meets,3.96,4,0,2/27/2019,0,6
"Dee, Randy",10311,1,1,1,1,6,1,0,"RM56,991.00",0,19,Production Technician I,MA,2138,04/15/88,M ,Married,US Citizen,No,White,7/9/2018,,N/A-Stillemployed,Active,Production       ,Brannon Miller,12,Indeed,Fully Meets,4.3,4,3,1/31/2019,2,2
"DeGweck,  James",10070,1,1,1,5,5,3,0,"RM55,722.00",1,19,Production Technician I,MA,1810,10/31/77,M ,Married,US Citizen,No,White,5/16/2011,6/8/2016,Unhappy,Voluntarily Terminated,Production       ,Webster Butler,39,Indeed,Fully Meets,5,4,0,4/2/2016,0,14
"Del Bosque, Keyla",10155,0,0,0,1,4,3,0,"RM101,199.00",0,24,Software Engineer,MA,2176,7/5/1979,F,Single,US Citizen,No,Black or African American,1/9/2012,,N/A-Stillemployed,Active,Software Engineering,Alex Sweetwater,10,Careerbuilder,Fully Meets,3.79,5,5,1/25/2019,0,8
"Delarge, Alex",10306,0,0,1,1,6,1,0,"RM61,568.00",0,3,Area Sales Manager,AL,36006,11/2/1975,M ,Single,US Citizen,No,Two or more races,9/29/2014,,N/A-Stillemployed,Active,Sales,John Smith,17,Indeed,Pip,1.93,3,0,1/30/2019,6,5
"Demita, Carla",10100,0,3,0,5,5,3,0,"RM58,275.00",1,20,Production Technician II,MA,2343,02/25/51,F,Separated,US Citizen,No,Black or African American,4/4/2011,11/4/2015,More Money,Voluntarily Terminated,Production       ,Kelley Spirea,18,Google Search,Fully Meets,4.62,5,0,5/6/2015,0,1
"Desimone, Carl ",10310,1,1,1,1,5,1,0,"RM53,189.00",0,19,Production Technician I,MA,2061,04/19/67,M ,Married,US Citizen,No,White,7/7/2014,,N/A-Stillemployed,Active,Production       ,Amy Dunn,11,Indeed,Pip,1.12,2,0,1/31/2019,4,9
"DeVito, Tommy",10197,0,0,1,1,3,3,0,"RM96,820.00",0,4,BI Developer,MA,2045,9/4/1983,M ,Single,US Citizen,No,White,2/15/2017,,N/A-Stillemployed,Active,IT/IS,Brian Champaigne,13,Indeed,Fully Meets,3.01,5,7,1/23/2019,0,15
"Dickinson, Geoff ",10276,0,0,1,1,5,3,0,"RM51,259.00",0,19,Production Technician I,MA,2180,11/15/82,M ,Single,US Citizen,No,White,5/12/2014,,N/A-Stillemployed,Active,Production       ,Ketsia Liebig,19,Indeed,Fully Meets,4.3,4,0,2/19/2019,0,1
"Dietrich, Jenna  ",10304,0,0,0,1,6,1,0,"RM59,231.00",0,3,Area Sales Manager,WA,98052,05/14/87,F,Single,US Citizen,Yes,White,2/20/2012,,N/A-Stillemployed,Active,Sales,John Smith,17,Website,Pip,2.3,1,0,1/29/2019,2,17
"DiNocco, Lily ",10284,1,1,0,1,5,2,0,"RM61,584.00",0,19,Production Technician I,MA,2351,12/2/1978,F,Married,US Citizen,No,Black or African American,1/7/2013,,N/A-Stillemployed,Active,Production       ,Brannon Miller,12,Indeed,Needs Improvement,3.88,4,0,1/18/2019,0,6
"Dobrin, Denisa  S",10207,0,0,0,1,5,3,0,"RM46,335.00",0,19,Production Technician I,MA,2125,10/7/1986,F,Single,US Citizen,Yes,White,4/2/2012,,N/A-Stillemployed,Active,Production       ,David Stanley,14,Careerbuilder,Fully Meets,3.4,5,0,2/19/2019,0,15
"Dolan, Linda",10133,1,1,0,1,3,3,0,"RM70,621.00",0,14,IT Support,MA,2119,07/18/88,F,Married,US Citizen,No,White,1/5/2015,,N/A-Stillemployed,Active,IT/IS,Peter Monroe,7,Employee Referral,Fully Meets,4.11,4,6,2/25/2019,0,16
"Dougall, Eric",10028,0,0,1,1,3,4,0,"RM138,888.00",0,13,IT Manager - Support,MA,1886,7/9/1970,M ,Single,US Citizen,No,Black or African American,1/5/2014,,N/A-Stillemployed,Active,IT/IS,Jennifer Zamora,5,Indeed,Exceeds,4.3,5,5,1/4/2019,0,4
"Driver, Elle",10006,0,0,0,1,6,4,0,"RM74,241.00",0,3,Area Sales Manager,CA,90007,11/8/1988,F,Single,US Citizen,No,White,1/10/2011,,N/A-Stillemployed,Active,Sales,Lynn Daneault,21,Indeed,Exceeds,4.77,5,0,1/27/2019,0,14
"Dunn, Amy  ",10105,0,0,0,1,5,3,0,"RM75,188.00",0,18,Production Manager,MA,1731,11/28/73,F,Single,US Citizen,No,White,9/18/2014,,N/A-Stillemployed,Active,Production       ,Janet King,2,Google Search,Fully Meets,4.52,4,0,1/15/2019,0,4
"Dunne, Amy",10211,1,1,0,1,5,3,0,"RM62,514.00",0,19,Production Technician I,MA,1749,09/23/73,F,Married,US Citizen,No,White,4/26/2010,,N/A-Stillemployed,Active,Production       ,Ketsia Liebig,19,Google Search,Fully Meets,2.9,3,0,1/21/2019,0,6
"Eaton, Marianne",10064,1,1,0,5,5,3,0,"RM60,070.00",1,19,Production Technician I,MA,2343,9/5/1991,F,Married,US Citizen,No,White,4/4/2011,6/6/2017,Military,Voluntarily Terminated,Production       ,Kissy Sullivan,20,Google Search,Fully Meets,5,3,0,4/9/2017,0,7
"Engdahl, Jean",10247,0,0,1,1,5,3,0,"RM48,888.00",0,19,Production Technician I,MA,2026,05/31/74,M ,Single,US Citizen,No,White,11/10/2014,,N/A-Stillemployed,Active,Production       ,Kelley Spirea,18,Linkedin,Fully Meets,4.7,5,0,2/13/2019,0,8
"England, Rex",10235,1,1,1,1,5,3,0,"RM54,285.00",0,19,Production Technician I,MA,2045,08/25/78,M ,Married,US Citizen,No,White,3/31/2014,,N/A-Stillemployed,Active,Production       ,Kelley Spirea,18,Employee Referral,Fully Meets,4.2,3,0,1/11/2019,0,3
"Erilus, Angela",10299,0,3,0,1,5,1,0,"RM56,847.00",0,20,Production Technician II,MA,2133,08/25/89,F,Separated,US Citizen,No,White,7/7/2014,,N/A-Stillemployed,Active,Production       ,Michael Albert,22,Indeed,Pip,3,1,0,2/25/2019,2,5
"Estremera, Miguel",10280,0,0,1,4,5,2,0,"RM60,340.00",1,19,Production Technician I,MA,2129,9/2/1983,M ,Single,US Citizen,No,White,4/2/2012,9/27/2018,Attendance,Terminated For Cause,Production       ,Michael Albert,22,Google Search,Needs Improvement,5,4,0,4/12/2018,5,16
"Evensen, April",10296,0,0,0,4,5,2,0,"RM59,124.00",1,19,Production Technician I,MA,2458,5/6/1989,F,Single,US Citizen,No,White,2/17/2014,2/25/2018,"No-Call, No-Show",Terminated For Cause,Production       ,Elijiah Gray,16,Google Search,Needs Improvement,2.3,3,0,1/15/2017,5,19
"Exantus, Susan",10290,1,1,0,4,4,2,0,"RM99,280.00",1,24,Software Engineer,MA,1749,05/15/87,F,Married,US Citizen,No,Black or African American,5/2/2011,6/5/2013,Attendance,Terminated For Cause,Software Engineering,Alex Sweetwater,10,Indeed,Needs Improvement,2.1,5,4,8/10/2012,4,19
"Faller, Megan ",10263,1,1,0,1,5,3,0,"RM71,776.00",0,20,Production Technician II,MA,1824,09/22/78,F,Married,US Citizen,No,Black or African American,7/7/2014,,N/A-Stillemployed,Active,Production       ,Elijiah Gray,16,Linkedin,Fully Meets,4.4,5,0,2/22/2019,0,17
"Fancett, Nicole",10136,0,0,0,1,5,3,0,"RM65,902.00",0,20,Production Technician II,MA,2324,09/27/87,F,Single,US Citizen,No,Black or African American,2/17/2014,,N/A-Stillemployed,Active,Production       ,Webster Butler,,Linkedin,Fully Meets,4,4,0,1/7/2019,0,7
"Ferguson, Susan",10189,1,1,0,5,5,3,0,"RM57,748.00",1,19,Production Technician I,MA,2176,04/14/55,F,Married,US Citizen,No,White,11/7/2011,5/17/2016,Military,Voluntarily Terminated,Production       ,Webster Butler,39,Google Search,Fully Meets,3.13,3,0,2/4/2016,0,16
"Fernandes, Nilson  ",10308,1,1,1,1,5,1,0,"RM64,057.00",0,19,Production Technician I,MA,2132,10/18/89,M ,Married,US Citizen,No,White,5/11/2015,,N/A-Stillemployed,Active,Production       ,Amy Dunn,11,Indeed,Pip,1.56,5,0,1/3/2019,6,15
"Fett, Boba",10309,0,0,1,1,3,1,0,"RM53,366.00",0,15,Network Engineer,MA,2138,06/18/87,M ,Single,US Citizen,No,White,3/30/2015,,N/A-Stillemployed,Active,IT/IS,Peter Monroe,7,Linkedin,Pip,1.2,3,6,2/4/2019,3,2
"Fidelia,  Libby",10049,1,1,0,1,5,3,0,"RM58,530.00",0,19,Production Technician I,MA,2155,03/16/81,F,Married,US Citizen,No,White,1/9/2012,,N/A-Stillemployed,Active,Production       ,Brannon Miller,12,Google Search,Fully Meets,5,5,0,1/29/2019,0,19
"Fitzpatrick, Michael  J",10093,0,0,1,5,5,3,0,"RM72,609.00",1,20,Production Technician II,MA,2143,10/1/1981,M ,Single,US Citizen,Yes,White,5/16/2011,6/24/2013,Hours,Voluntarily Terminated,Production       ,Amy Dunn,11,Google Search,Fully Meets,4.76,5,0,4/5/2013,0,20
"Foreman, Tanya",10163,1,1,0,5,5,3,0,"RM55,965.00",1,20,Production Technician II,MA,2170,11/8/1983,F,Married,US Citizen,No,White,4/4/2011,1/9/2013,Career Change,Voluntarily Terminated,Production       ,Ketsia Liebig,19,Google Search,Fully Meets,3.66,3,0,1/7/2012,0,6
"Forrest, Alex",10305,1,1,1,1,6,3,0,"RM70,187.00",1,3,Area Sales Manager,MA,2330,7/7/1975,M ,Married,US Citizen,No,White,9/29/2014,8/19/2018,Fatal Attraction,Terminated For Cause,Sales,Lynn Daneault,21,Employee Referral,Pip,2,5,0,1/28/2019,4,7
"Foss, Jason",10015,0,0,1,1,3,4,0,"RM178,000.00",0,12,IT Director,MA,1460,7/5/1980,M ,Single,US Citizen,No,Black or African American,4/15/2011,,N/A-Stillemployed,Active,IT/IS,Jennifer Zamora,5,Indeed,Exceeds,5,5,5,1/7/2019,0,15
"Foster-Baker, Amy",10080,1,1,0,1,1,3,0,"RM99,351.00",0,26,Sr. Accountant,MA,2050,04/16/79,F,Married,US Citizen,no,White,1/5/2009,,N/A-Stillemployed,Active,Admin Offices,Board Of Directors,9,Other,Fully Meets,5,3,2,2/8/2019,0,3
"Fraval, Maruk ",10258,0,0,1,1,6,3,0,"RM67,251.00",0,3,Area Sales Manager,CT,6050,08/28/63,M ,Single,US Citizen,No,Black or African American,9/6/2011,,N/A-Stillemployed,Active,Sales,Lynn Daneault,21,Careerbuilder,Fully Meets,4.3,3,0,1/27/2019,2,7
"Galia, Lisa",10273,0,0,0,1,3,3,0,"RM65,707.00",0,14,IT Support,CT,6040,7/6/1968,F,Single,US Citizen,No,White,5/1/2010,,N/A-Stillemployed,Active,IT/IS,Eric Dougall,6,Linkedin,Fully Meets,4.7,4,5,2/1/2019,0,1
"Garcia, Raul",10111,0,0,1,1,5,3,0,"RM52,249.00",0,19,Production Technician I,MA,1905,09/15/85,M ,Single,US Citizen,Yes,White,3/30/2015,,N/A-Stillemployed,Active,Production       ,David Stanley,14,Employee Referral,Fully Meets,4.5,3,0,2/18/2019,0,5
"Gaul, Barbara",10257,0,0,0,1,5,3,0,"RM53,171.00",0,19,Production Technician I,MA,2121,12/2/1983,F,Single,US Citizen,Yes,Black or African American,5/16/2011,,N/A-Stillemployed,Active,Production       ,Kelley Spirea,18,Linkedin,Fully Meets,4.2,4,0,2/26/2019,0,12
"Gentry, Mildred",10159,1,1,0,1,5,3,0,"RM51,337.00",0,19,Production Technician I,MA,2145,10/1/1990,F,Married,US Citizen,No,Black or African American,3/30/2015,,N/A-Stillemployed,Active,Production       ,Michael Albert,22,Linkedin,Fully Meets,3.73,3,0,1/16/2019,0,19
"Gerke, Melisa",10122,0,2,0,5,5,3,1,"RM51,505.00",1,19,Production Technician I,MA,2330,05/15/70,F,Divorced,US Citizen,No,Black or African American,11/7/2011,11/15/2016,Hours,Voluntarily Terminated,Production       ,Elijiah Gray,16,Diversity Job Fair,Fully Meets,4.24,4,0,4/29/2016,0,2
"Gill, Whitney  ",10142,0,4,0,4,6,3,0,"RM59,370.00",1,3,Area Sales Manager,OH,43050,7/10/1971,F,Widowed,US Citizen,No,Black or African American,7/7/2014,9/5/2015,Attendance,Terminated For Cause,Sales,John Smith,17,Careerbuilder,Fully Meets,3.97,4,0,1/15/2014,0,7
"Gilles, Alex",10283,1,1,1,5,5,2,1,"RM54,933.00",1,19,Production Technician I,MA,2062,8/9/1974,M ,Married,US Citizen,No,Black or African American,4/2/2012,6/25/2015,Military,Voluntarily Terminated,Production       ,Webster Butler,39,Diversity Job Fair,Needs Improvement,3.97,4,0,1/20/2015,3,15
"Girifalco, Evelyn",10018,0,0,0,1,5,4,0,"RM57,815.00",0,19,Production Technician I,MA,2451,5/8/1980,F,Single,US Citizen,Yes,Two or more races,9/29/2014,,N/A-Stillemployed,Active,Production       ,Amy Dunn,11,Indeed,Exceeds,3.9,4,0,2/7/2019,0,3
"Givens, Myriam",10255,0,0,0,1,6,3,0,"RM61,555.00",0,3,Area Sales Manager,IN,46204,09/22/89,F,Single,US Citizen,No,White,2/16/2015,,N/A-Stillemployed,Active,Sales,Lynn Daneault,21,Indeed,Fully Meets,4.5,5,0,1/25/2019,0,20
"Goble, Taisha",10246,0,0,0,4,3,3,0,"RM114,800.00",1,8,Database Administrator,MA,2127,10/23/71,F,Single,US Citizen,No,White,2/16/2015,3/15/2015,"No-Call, No-Show",Terminated For Cause,IT/IS,Simon Roup,4,Indeed,Fully Meets,4.6,4,4,1/20/2015,0,10
"Goeth, Amon",10228,1,1,1,1,3,3,0,"RM74,679.00",0,14,IT Support,MA,2135,11/24/89,M ,Married,US Citizen,Yes,White,3/30/2015,,N/A-Stillemployed,Active,IT/IS,Peter Monroe,7,Linkedin,Fully Meets,4.3,5,7,1/10/2019,0,20
"Gold, Shenice  ",10243,0,0,0,1,5,3,0,"RM53,018.00",0,19,Production Technician I,MA,2451,06/18/92,F,Single,US Citizen,Yes,White,11/11/2013,,N/A-Stillemployed,Active,Production       ,Ketsia Liebig,19,Indeed,Fully Meets,4.3,5,0,2/18/2019,0,7
"Gonzalez, Cayo",10031,0,2,1,1,5,4,1,"RM59,892.00",0,19,Production Technician I,MA,2108,09/29/69,M ,Divorced,US Citizen,No,Black or African American,7/11/2011,,N/A-Stillemployed,Active,Production       ,Brannon Miller,12,Diversity Job Fair,Exceeds,4.5,4,0,2/18/2019,0,1
"Gonzalez, Juan",10300,1,1,1,5,5,1,1,"RM68,898.00",1,20,Production Technician II,MA,2128,10/12/1964,M ,Married,US Citizen,No,Black or African American,4/26/2010,5/30/2011,Career Change,Voluntarily Terminated,Production       ,Brannon Miller,12,Diversity Job Fair,Pip,3,3,0,3/6/2011,3,10
"Gonzalez, Maria",10101,0,3,0,1,3,3,0,"RM61,242.00",0,14,IT Support,MA,2472,04/16/81,F,Separated,US Citizen,Yes,White,1/5/2015,,N/A-Stillemployed,Active,IT/IS,Peter Monroe,7,Employee Referral,Fully Meets,4.61,4,5,1/28/2019,0,11
"Good, Susan",10237,1,1,0,3,5,3,0,"RM66,825.00",0,20,Production Technician II,MA,1886,05/25/86,F,Married,US Citizen,No,White,5/12/2014,,N/A-Stillemployed,Active,Production       ,David Stanley,14,Linkedin,Fully Meets,4.6,3,0,2/7/2019,0,20
"Gordon, David",10051,1,1,1,1,5,3,0,"RM48,285.00",0,19,Production Technician I,MA,2169,05/21/79,M ,Married,US Citizen,No,White,7/2/2012,,N/A-Stillemployed,Active,Production       ,David Stanley,14,Linkedin,Fully Meets,5,3,0,1/14/2019,0,2
"Gosciminski, Phylicia  ",10218,0,3,0,3,5,3,0,"RM66,149.00",0,20,Production Technician II,MA,1824,12/8/1983,F,Separated,US Citizen,No,American Indian or Alaska Native,9/30/2013,,N/A-Stillemployed,Active,Production       ,Kissy Sullivan,20,Google Search,Fully Meets,4.4,5,0,2/21/2019,0,1
"Goyal, Roxana",10256,1,1,0,3,5,3,0,"RM49,256.00",0,19,Production Technician I,MA,1864,10/9/1974,F,Married,US Citizen,No,Asian,8/19/2013,,N/A-Stillemployed,Active,Production       ,Kissy Sullivan,20,Linkedin,Fully Meets,4.1,5,0,2/15/2019,0,3
"Gray, Elijiah  ",10098,0,2,1,1,5,3,0,"RM62,957.00",0,18,Production Manager,MA,1752,7/11/1981,M ,Divorced,US Citizen,No,White,6/2/2015,,N/A-Stillemployed,Active,Production       ,Janet King,2,Employee Referral,Fully Meets,4.63,3,0,1/4/2019,0,2
"Gross, Paula",10059,0,2,0,5,5,3,0,"RM63,813.00",1,19,Production Technician I,MA,2176,05/21/83,F,Divorced,US Citizen,No,White,2/21/2011,1/11/2014,More Money,Voluntarily Terminated,Production       ,Kelley Spirea,18,Careerbuilder,Fully Meets,5,5,0,6/3/2013,0,17
"Gruber, Hans",10234,1,1,1,1,3,3,0,"RM99,020.00",0,4,BI Developer,MA,2134,06/30/89,M ,Married,US Citizen,No,Black or African American,4/20/2017,,N/A-Stillemployed,Active,IT/IS,Brian Champaigne,13,Indeed,Fully Meets,4.2,5,5,1/28/2019,0,8
"Guilianno, Mike",10109,0,0,1,5,6,3,0,"RM71,707.00",1,3,Area Sales Manager,TN,37129,2/9/1969,M ,Single,US Citizen,No,Two or more races,3/7/2012,10/31/2014,Relocation Out Of Area,Voluntarily Terminated,Sales,John Smith,17,Linkedin,Fully Meets,4.5,5,0,2/1/2013,0,20
"Handschiegl, Joanne",10125,1,1,0,1,5,3,0,"RM54,828.00",0,19,Production Technician I,MA,2127,03/23/77,F,Married,US Citizen,No,White,11/28/2011,,N/A-Stillemployed,Active,Production       ,Michael Albert,22,Google Search,Fully Meets,4.2,4,0,2/22/2019,0,13
"Hankard, Earnest",10074,0,0,1,1,5,3,0,"RM64,246.00",0,20,Production Technician II,MA,2155,8/10/1988,M ,Single,US Citizen,Yes,White,11/11/2013,,N/A-Stillemployed,Active,Production       ,Kelley Spirea,18,Linkedin,Fully Meets,5,3,0,1/8/2019,0,20
"Harrington, Christie ",10097,0,0,0,5,5,3,0,"RM52,177.00",1,19,Production Technician I,MA,2324,08/18/52,F,Single,US Citizen,No,White,1/9/2012,12/15/2015,Retiring,Voluntarily Terminated,Production       ,Webster Butler,39,Careerbuilder,Fully Meets,4.64,4,0,5/2/2015,0,8
"Harrison, Kara",10007,1,1,0,1,5,4,0,"RM62,065.00",0,19,Production Technician I,MA,1886,5/2/1974,F,Married,US Citizen,No,White,5/12/2014,,N/A-Stillemployed,Active,Production       ,Amy Dunn,11,Careerbuilder,Exceeds,4.76,4,0,2/15/2019,0,5
"Heitzman, Anthony",10129,0,0,1,1,5,3,0,"RM46,998.00",0,19,Production Technician I,MA,2149,1/4/1984,M ,Single,US Citizen,No,White,8/13/2012,,N/A-Stillemployed,Active,Production       ,Ketsia Liebig,19,Google Search,Fully Meets,4.17,4,0,2/11/2019,0,1
"Hendrickson, Trina",10075,0,0,0,5,5,3,0,"RM68,099.00",1,20,Production Technician II,MA,2021,08/27/72,F,Single,US Citizen,No,White,1/10/2011,6/18/2013,Hours,Voluntarily Terminated,Production       ,Kelley Spirea,18,Careerbuilder,Fully Meets,5,3,0,1/30/2013,0,15
"Hitchcock, Alfred",10167,1,1,1,1,6,3,0,"RM70,545.00",0,3,Area Sales Manager,NH,3062,09/14/88,M ,Married,US Citizen,No,American Indian or Alaska Native,8/18/2014,,N/A-Stillemployed,Active,Sales,John Smith,17,Indeed,Fully Meets,3.6,5,0,1/30/2019,0,9
"Homberger, Adrienne  J",10195,1,1,0,5,5,3,0,"RM63,478.00",1,20,Production Technician II,MA,2445,02/16/84,F,Married,Non-Citizen,No,White,8/15/2011,4/7/2012,Relocation Out Of Area,Voluntarily Terminated,Production       ,Michael Albert,30,Indeed,Fully Meets,3.03,5,0,3/5/2012,0,16
"Horton, Jayne",10112,0,0,0,1,3,3,0,"RM97,999.00",0,8,Database Administrator,MA,2493,02/21/84,F,Single,US Citizen,No,White,3/30/2015,,N/A-Stillemployed,Active,IT/IS,Simon Roup,4,Indeed,Fully Meets,4.48,5,6,1/3/2019,0,4
"Houlihan, Debra",10272,1,1,0,1,6,3,0,"RM180,000.00",0,11,Director of Sales,RI,2908,03/17/66,F,Married,US Citizen,No,White,5/5/2014,,N/A-Stillemployed,Active,Sales,Janet King,2,Linkedin,Fully Meets,4.5,4,0,1/21/2019,0,19
"Howard, Estelle",10182,1,1,0,1,1,3,0,"RM49,920.00",1,2,Administrative Assistant,MA,2170,09/16/85,F,Married,US Citizen,No,Black or African American,2/16/2015,4/15/2015,"No-Call, No-Show",Terminated For Cause,Admin Offices,Brandon R. Leblanc,1,Indeed,Fully Meets,3.24,3,4,4/15/2015,0,6
"Hudson, Jane",10248,0,0,0,1,5,3,0,"RM55,425.00",0,19,Production Technician I,MA,2176,6/10/1986,F,Single,US Citizen,No,White,2/20/2012,,N/A-Stillemployed,Active,Production       ,Ketsia Liebig,19,Linkedin,Fully Meets,4.8,4,0,1/7/2019,0,4
"Hunts, Julissa",10201,0,0,0,2,5,3,0,"RM69,340.00",0,20,Production Technician II,MA,2021,3/11/1984,F,Single,US Citizen,No,White,6/6/2016,,N/A-Stillemployed,Active,Production       ,Elijiah Gray,16,Linkedin,Fully Meets,3,5,0,1/18/2019,0,4
"Hutter, Rosalie",10214,0,3,0,2,5,3,0,"RM64,995.00",0,20,Production Technician II,MA,2351,5/7/1992,F,Separated,US Citizen,No,White,6/5/2015,,N/A-Stillemployed,Active,Production       ,Webster Butler,,Indeed,Fully Meets,4.5,3,0,2/14/2019,0,6
"Huynh, Ming",10160,0,2,0,5,5,3,0,"RM68,182.00",1,20,Production Technician II,MA,1742,09/22/76,F,Divorced,US Citizen,No,White,2/21/2011,4/1/2013,Unhappy,Voluntarily Terminated,Production       ,Amy Dunn,11,Google Search,Fully Meets,3.72,3,0,2/1/2013,0,18
"Immediato, Walter",10289,1,1,1,5,5,2,0,"RM83,082.00",1,18,Production Manager,MA,2128,11/15/76,M ,Married,US Citizen,No,Asian,2/21/2011,9/24/2012,Unhappy,Voluntarily Terminated,Production       ,Janet King,2,Indeed,Needs Improvement,2.34,2,0,4/12/2012,3,4
"Ivey, Rose ",10139,0,0,0,1,5,3,0,"RM51,908.00",0,19,Production Technician I,MA,1775,01/28/91,F,Single,US Citizen,No,White,8/19/2013,,N/A-Stillemployed,Active,Production       ,Brannon Miller,12,Indeed,Fully Meets,3.99,3,0,1/14/2019,0,14
"Jackson, Maryellen",10227,0,0,0,1,5,3,0,"RM61,242.00",0,19,Production Technician I,MA,2081,9/11/1972,F,Single,US Citizen,No,Black or African American,11/5/2012,,N/A-Stillemployed,Active,Production       ,David Stanley,14,Linkedin,Fully Meets,4.1,3,0,1/17/2019,0,7
"Jacobi, Hannah  ",10236,0,2,0,1,5,3,0,"RM45,069.00",0,19,Production Technician I,MA,1778,03/22/66,F,Divorced,US Citizen,No,White,9/30/2013,,N/A-Stillemployed,Active,Production       ,Kissy Sullivan,20,Employee Referral,Fully Meets,4.3,5,0,2/22/2019,0,7
"Jeannite, Tayana",10009,0,2,0,1,5,4,0,"RM60,724.00",0,20,Production Technician II,MA,1821,11/6/1986,F,Divorced,US Citizen,No,American Indian or Alaska Native,7/5/2011,,N/A-Stillemployed,Active,Production       ,Ketsia Liebig,19,Linkedin,Exceeds,4.6,4,0,2/25/2019,0,11
"Jhaveri, Sneha  ",10060,0,3,0,1,5,3,0,"RM60,436.00",0,19,Production Technician I,MA,2109,04/13/64,F,Separated,US Citizen,No,White,1/6/2014,,N/A-Stillemployed,Active,Production       ,Kelley Spirea,18,Linkedin,Fully Meets,5,5,0,1/21/2019,0,9
"Johnson, George",10034,1,1,1,5,5,4,0,"RM46,837.00",1,19,Production Technician I,MA,2445,08/19/59,M ,Married,US Citizen,No,White,11/7/2011,4/29/2018,More Money,Voluntarily Terminated,Production       ,Michael Albert,22,Careerbuilder,Exceeds,4.7,4,0,2/14/2018,0,9
"Johnson, Noelle ",10156,1,1,0,3,3,3,0,"RM105,700.00",0,8,Database Administrator,MA,2301,11/7/1986,F,Married,US Citizen,No,Asian,1/5/2015,,N/A-Stillemployed,Active,IT/IS,Simon Roup,4,Indeed,Fully Meets,3.75,3,5,2/11/2019,0,2
"Johnston, Yen",10036,0,0,0,1,5,4,0,"RM63,322.00",0,20,Production Technician II,MA,2128,9/8/1969,F,Single,US Citizen,No,White,7/7/2014,,N/A-Stillemployed,Active,Production       ,Brannon Miller,12,Linkedin,Exceeds,4.3,3,0,1/11/2019,0,1
"Jung, Judy  ",10138,1,1,0,5,5,3,0,"RM61,154.00",1,19,Production Technician I,MA,2446,04/17/86,F,Married,US Citizen,No,Black or African American,1/10/2011,4/1/2016,Unhappy,Voluntarily Terminated,Production       ,Elijiah Gray,16,Careerbuilder,Fully Meets,4,4,0,2/3/2016,0,4
"Kampew, Donysha",10244,0,0,0,5,6,3,0,"RM68,999.00",1,21,Sales Manager,PA,19444,11/11/1989,F,Single,US Citizen,No,White,11/7/2011,4/24/2014,Maternity Leave - Did Not Return,Voluntarily Terminated,Sales,Debra Houlihan,15,Google Search,Fully Meets,4.5,5,0,3/30/2013,0,2
"Keatts, Kramer ",10192,0,0,1,1,5,3,0,"RM50,482.00",0,19,Production Technician I,MA,1887,01/19/76,M ,Single,US Citizen,No,White,9/30/2013,,N/A-Stillemployed,Active,Production       ,Michael Albert,22,Indeed,Fully Meets,3.07,4,0,1/23/2019,0,10
"Khemmich, Bartholemew",10231,0,0,1,1,6,3,0,"RM65,310.00",0,3,Area Sales Manager,CO,80820,11/27/79,M ,Single,US Citizen,No,White,8/19/2013,,N/A-Stillemployed,Active,Sales,Lynn Daneault,21,Indeed,Fully Meets,4.3,5,0,1/22/2019,0,13
"King, Janet",10089,1,1,0,1,2,3,0,"RM250,000.00",0,16,President & CEO,MA,1902,09/21/54,F,Married,US Citizen,Yes,White,7/2/2012,,N/A-Stillemployed,Active,Executive Office,Board Of Directors,9,Indeed,Fully Meets,4.83,3,0,1/17/2019,0,10
"Kinsella, Kathleen  ",10166,1,1,0,5,5,3,0,"RM54,005.00",1,19,Production Technician I,MA,2170,12/8/1973,F,Married,US Citizen,No,White,9/26/2011,6/4/2015,More Money,Voluntarily Terminated,Production       ,Webster Butler,39,Google Search,Fully Meets,3.6,5,0,3/1/2015,0,16
"Kirill, Alexandra  ",10170,1,1,0,5,5,3,0,"RM45,433.00",1,19,Production Technician I,MA,2127,10/8/1970,F,Married,US Citizen,No,White,9/26/2011,1/9/2014,More Money,Voluntarily Terminated,Production       ,Amy Dunn,11,Google Search,Fully Meets,3.49,4,0,1/30/2013,0,6
"Knapp, Bradley  J",10208,0,0,1,1,5,3,0,"RM46,654.00",0,19,Production Technician I,MA,1721,11/10/1977,M ,Single,US Citizen,No,Black or African American,2/17/2014,,N/A-Stillemployed,Active,Production       ,Ketsia Liebig,19,Linkedin,Fully Meets,3.1,3,0,2/6/2019,0,3
"Kretschmer, John",10176,1,1,1,1,5,3,0,"RM63,973.00",0,19,Production Technician I,MA,1801,2/2/1980,M ,Married,US Citizen,No,Asian,1/10/2011,,N/A-Stillemployed,Active,Production       ,Brannon Miller,12,Indeed,Fully Meets,3.38,3,0,1/21/2019,0,17
"Kreuger, Freddy",10165,0,0,1,1,6,3,1,"RM71,339.00",0,3,Area Sales Manager,NY,10171,02/24/69,M ,Single,US Citizen,Yes,Black or African American,3/7/2011,,N/A-Stillemployed,Active,Sales,John Smith,17,Diversity Job Fair,Fully Meets,3.65,5,0,1/17/2019,0,20
"Lajiri,  Jyoti",10113,1,1,1,3,3,3,0,"RM93,206.00",0,28,Sr. Network Engineer,MA,2169,04/23/86,M ,Married,US Citizen,No,White,11/10/2014,,N/A-Stillemployed,Active,IT/IS,Peter Monroe,7,Employee Referral,Fully Meets,4.46,5,6,1/7/2019,0,7
"Landa, Hans",10092,1,1,1,4,5,3,0,"RM82,758.00",1,18,Production Manager,MA,1890,7/1/1972,M ,Married,US Citizen,No,White,1/10/2011,12/12/2015,Attendance,Terminated For Cause,Production       ,Janet King,2,Employee Referral,Fully Meets,4.78,4,0,2/15/2015,0,9
"Langford, Lindsey",10106,0,2,0,5,5,3,0,"RM66,074.00",1,20,Production Technician II,MA,2090,07/25/79,F,Divorced,US Citizen,No,Asian,1/7/2013,3/31/2014,Another Position,Voluntarily Terminated,Production       ,David Stanley,14,Indeed,Fully Meets,4.52,3,0,2/20/2014,0,20
"Langton, Enrico",10052,1,1,1,1,5,3,0,"RM46,120.00",0,19,Production Technician I,MA,2048,12/9/1986,M ,Married,US Citizen,No,White,7/9/2012,,N/A-Stillemployed,Active,Production       ,David Stanley,14,Linkedin,Fully Meets,5,5,0,2/4/2019,0,13
"LaRotonda, William  ",10038,0,2,1,1,1,3,0,"RM64,520.00",0,1,Accountant I,MA,1460,04/26/84,M ,Divorced,US Citizen,No,Black or African American,1/6/2014,,N/A-Stillemployed,Active,Admin Offices,Brandon R. Leblanc,1,Website,Fully Meets,5,4,4,1/17/2019,0,3
"Latif, Mohammed",10249,1,1,1,5,5,3,0,"RM61,962.00",1,20,Production Technician II,MA,2126,5/9/1984,M ,Married,US Citizen,No,White,4/2/2012,4/15/2013,More Money,Voluntarily Terminated,Production       ,Kissy Sullivan,20,Google Search,Fully Meets,4.9,3,0,2/20/2013,0,20
"Le, Binh",10232,0,0,0,1,3,3,0,"RM81,584.00",0,22,Senior BI Developer,MA,1886,06/14/87,F,Single,US Citizen,No,Asian,10/2/2016,,N/A-Stillemployed,Active,IT/IS,Brian Champaigne,13,Indeed,Fully Meets,4.1,5,7,1/8/2019,0,2
"Leach, Dallas",10087,0,0,0,5,5,3,0,"RM63,676.00",1,19,Production Technician I,MA,1810,01/17/79,F,Single,US Citizen,No,Asian,9/26/2011,8/19/2018,Return To School,Voluntarily Terminated,Production       ,Kissy Sullivan,20,Careerbuilder,Fully Meets,4.88,3,0,7/2/2017,0,17
"LeBlanc, Brandon  R",10134,1,1,1,1,1,3,0,"RM93,046.00",0,23,Shared Services Manager,MA,1460,6/10/1984,M ,Married,US Citizen,No,White,1/5/2016,,N/A-Stillemployed,Active,Admin Offices,Janet King,2,Careerbuilder,Fully Meets,4.1,4,0,1/28/2019,0,20
"Lecter, Hannibal",10251,1,1,1,1,5,3,0,"RM64,738.00",0,19,Production Technician I,MA,1776,9/2/1982,M ,Married,US Citizen,No,Asian,5/14/2012,,N/A-Stillemployed,Active,Production       ,Elijiah Gray,16,Google Search,Fully Meets,4.1,3,0,2/22/2019,0,10
"Leruth, Giovanni",10103,0,3,1,1,6,3,0,"RM70,468.00",0,3,Area Sales Manager,UT,84111,12/27/88,M ,Separated,US Citizen,No,Black or African American,4/30/2012,,N/A-Stillemployed,Active,Sales,John Smith,17,Website,Fully Meets,4.53,3,0,1/29/2019,0,16
"Liebig, Ketsia",10017,1,1,0,1,5,4,0,"RM77,915.00",0,18,Production Manager,MA,2110,10/26/81,F,Married,US Citizen,No,White,9/30/2013,,N/A-Stillemployed,Active,Production       ,Janet King,2,Website,Exceeds,4.1,3,0,1/21/2019,0,11
"Linares, Marilyn ",10186,1,1,0,5,5,3,0,"RM52,624.00",1,19,Production Technician I,MA,1886,03/26/81,F,Married,US Citizen,No,White,7/5/2011,9/26/2018,Unhappy,Voluntarily Terminated,Production       ,Michael Albert,22,Indeed,Fully Meets,3.18,4,0,3/2/2018,0,16
"Linden, Mathew",10137,1,1,1,3,5,3,0,"RM63,450.00",0,20,Production Technician II,MA,1770,03/19/79,M ,Married,US Citizen,No,White,7/8/2013,,N/A-Stillemployed,Active,Production       ,Kelley Spirea,18,Linkedin,Fully Meets,4,3,0,2/18/2019,0,7
"Lindsay, Leonara ",10008,0,0,0,1,3,4,1,"RM51,777.00",0,14,IT Support,CT,6070,10/5/1988,F,Single,US Citizen,Yes,Black or African American,1/21/2011,,N/A-Stillemployed,Active,IT/IS,Eric Dougall,6,Diversity Job Fair,Exceeds,4.64,4,5,1/25/2019,0,14
"Lundy, Susan",10096,0,4,0,5,5,3,0,"RM67,237.00",1,20,Production Technician II,MA,2122,12/26/76,F,Widowed,US Citizen,No,White,7/8/2013,9/15/2016,More Money,Voluntarily Terminated,Production       ,Michael Albert,22,Linkedin,Fully Meets,4.65,4,0,6/10/2016,0,15
"Lunquist, Lisa",10035,0,0,0,1,5,4,0,"RM73,330.00",0,20,Production Technician II,MA,2324,03/28/82,F,Single,US Citizen,No,Black or African American,8/19/2013,,N/A-Stillemployed,Active,Production       ,Elijiah Gray,16,Indeed,Exceeds,4.2,4,0,2/12/2019,0,19
"Lydon, Allison",10057,1,1,0,3,5,3,0,"RM52,057.00",0,19,Production Technician I,MA,2122,10/22/75,F,Married,US Citizen,No,Black or African American,2/16/2015,,N/A-Stillemployed,Active,Production       ,Elijiah Gray,16,Website,Fully Meets,5,3,0,1/23/2019,0,6
"Lynch, Lindsay",10004,0,0,0,5,5,4,1,"RM47,434.00",1,19,Production Technician I,MA,1844,02/14/73,F,Single,US Citizen,Yes,Black or African American,11/7/2011,11/14/2015,Another Position,Voluntarily Terminated,Production       ,Webster Butler,39,Diversity Job Fair,Exceeds,5,4,0,2/2/2015,0,17
"MacLennan, Samuel",10191,0,4,1,5,5,3,0,"RM52,788.00",1,19,Production Technician I,MA,1938,11/9/1972,M ,Widowed,US Citizen,No,White,9/24/2012,9/26/2017,Hours,Voluntarily Terminated,Production       ,Amy Dunn,11,Indeed,Fully Meets,3.08,4,0,4/1/2017,0,18
"Mahoney, Lauren  ",10219,0,0,0,1,5,3,0,"RM45,395.00",0,19,Production Technician I,MA,2189,7/7/1986,F,Single,US Citizen,No,White,1/6/2014,,N/A-Stillemployed,Active,Production       ,Ketsia Liebig,19,Linkedin,Fully Meets,4.6,4,0,2/26/2019,0,14
"Manchester, Robyn",10077,1,1,0,2,5,3,0,"RM62,385.00",0,20,Production Technician II,MA,2324,08/25/76,F,Married,US Citizen,No,White,5/11/2016,,N/A-Stillemployed,Active,Production       ,Webster Butler,,Linkedin,Fully Meets,5,3,0,1/21/2019,0,4
"Mancuso, Karen",10073,1,1,0,5,5,3,0,"RM68,407.00",1,20,Production Technician II,MA,2176,12/10/1986,F,Married,US Citizen,No,Two or more races,7/5/2011,8/19/2012,Another Position,Voluntarily Terminated,Production       ,Amy Dunn,11,Linkedin,Fully Meets,5,4,0,7/2/2012,0,16
"Mangal, Debbie",10279,1,1,0,1,5,3,0,"RM61,349.00",0,19,Production Technician I,MA,2451,11/7/1974,F,Married,US Citizen,No,White,11/11/2013,,N/A-Stillemployed,Active,Production       ,Brannon Miller,12,Linkedin,Fully Meets,4.1,3,0,1/22/2019,0,11
"Martin, Sandra",10110,0,0,0,1,4,3,0,"RM105,688.00",0,24,Software Engineer,MA,2135,11/7/1987,F,Single,US Citizen,No,Asian,11/11/2013,,N/A-Stillemployed,Active,Software Engineering,Alex Sweetwater,10,Google Search,Fully Meets,4.5,5,4,1/14/2019,0,14
"Maurice, Shana",10053,1,1,0,1,5,3,0,"RM54,132.00",0,19,Production Technician I,MA,2330,11/22/77,F,Married,US Citizen,No,White,5/31/2011,,N/A-Stillemployed,Active,Production       ,David Stanley,14,Indeed,Fully Meets,5,4,0,1/10/2019,0,8
"Carthy, B'rigit",10076,0,0,0,1,5,3,0,"RM55,315.00",0,20,Production Technician II,MA,2149,05/21/87,F,Single,US Citizen,No,Black or African American,3/30/2015,,N/A-Stillemployed,Active,Production       ,Ketsia Liebig,19,Linkedin,Fully Meets,5,5,0,2/7/2019,0,16
"Mckenna, Sandy",10145,1,1,0,1,5,3,0,"RM62,810.00",0,19,Production Technician I,MA,2184,1/7/1987,F,Married,US Citizen,No,Black or African American,1/7/2013,,N/A-Stillemployed,Active,Production       ,Kissy Sullivan,20,Careerbuilder,Fully Meets,3.93,3,0,1/30/2019,0,20
"McKinzie, Jac",10202,1,1,1,2,6,3,0,"RM63,291.00",0,3,Area Sales Manager,TX,78789,7/1/1984,M ,Married,US Citizen,No,Two or more races,7/6/2016,,N/A-Stillemployed,Active,Sales,Lynn Daneault,21,Website,Fully Meets,3.4,4,0,1/29/2019,0,7
"Meads, Elizabeth",10128,0,0,0,5,5,3,1,"RM62,659.00",1,19,Production Technician I,MA,1760,05/30/68,F,Single,US Citizen,No,Black or African American,4/2/2012,11/11/2016,Another Position,Voluntarily Terminated,Production       ,Kelley Spirea,18,Diversity Job Fair,Fully Meets,4.18,4,0,2/5/2016,0,17
"Medeiros, Jennifer",10068,0,0,0,1,5,3,0,"RM55,688.00",0,19,Production Technician I,MA,2346,09/22/76,F,Single,US Citizen,No,White,3/30/2015,,N/A-Stillemployed,Active,Production       ,Michael Albert,22,Careerbuilder,Fully Meets,5,4,0,1/21/2019,0,10
"Miller, Brannon",10116,0,0,1,1,5,3,0,"RM83,667.00",0,18,Production Manager,MA,2045,8/10/1981,M ,Single,US Citizen,yes,Hispanic,8/16/2012,,N/A-Stillemployed,Active,Production       ,Janet King,2,Indeed,Fully Meets,4.37,3,0,1/14/2019,0,2
"Miller, Ned",10298,0,0,1,5,5,1,0,"RM55,800.00",1,20,Production Technician II,MA,2472,06/29/85,M ,Single,US Citizen,No,White,8/15/2011,9/4/2014,Unhappy,Voluntarily Terminated,Production       ,Brannon Miller,12,Linkedin,Pip,3,2,0,1/14/2013,6,6
"Monkfish, Erasumus",10213,1,1,1,1,5,3,0,"RM58,207.00",0,20,Production Technician II,MA,1450,08/17/92,M ,Married,US Citizen,No,White,11/7/2011,,N/A-Stillemployed,Active,Production       ,David Stanley,14,Linkedin,Fully Meets,3.7,3,0,1/8/2019,0,14
"Monroe, Peter",10288,1,1,1,1,3,2,1,"RM157,000.00",0,13,IT Manager - Infra,MA,2134,10/5/1986,M ,Married,Eligible NonCitizen,Yes,Black or African American,2/15/2012,,N/A-Stillemployed,Active,IT/IS,Jennifer Zamora,5,Diversity Job Fair,Needs Improvement,2.39,3,6,2/22/2019,4,13
"Monterro, Luisa",10025,0,0,0,1,5,4,0,"RM72,460.00",0,20,Production Technician II,MA,2126,04/24/70,F,Single,US Citizen,No,Black or African American,5/13/2013,,N/A-Stillemployed,Active,Production       ,Kissy Sullivan,20,Indeed,Exceeds,4.7,3,0,1/14/2019,0,1
"Moran, Patrick",10223,0,0,1,3,5,3,1,"RM72,106.00",0,20,Production Technician II,MA,2127,12/3/1976,M ,Single,US Citizen,No,Black or African American,1/9/2012,,N/A-Stillemployed,Active,Production       ,Kelley Spirea,18,Diversity Job Fair,Fully Meets,4.1,4,0,1/31/2019,0,12
"Morway, Tanya",10151,1,1,0,1,3,3,0,"RM52,599.00",0,15,Network Engineer,MA,2048,4/4/1979,F,Married,US Citizen,No,White,2/16/2015,,N/A-Stillemployed,Active,IT/IS,Peter Monroe,7,Careerbuilder,Fully Meets,3.81,3,6,2/11/2019,0,6
"Motlagh,  Dawn",10254,0,2,0,1,5,3,0,"RM63,430.00",0,19,Production Technician I,MA,2453,7/7/1984,F,Divorced,US Citizen,No,White,4/1/2013,,N/A-Stillemployed,Active,Production       ,Elijiah Gray,16,Linkedin,Fully Meets,4.4,4,0,1/17/2019,0,18
"Moumanil, Maliki ",10120,0,3,1,1,5,3,0,"RM74,417.00",0,20,Production Technician II,MA,1460,12/1/1974,M ,Separated,US Citizen,No,Black or African American,5/13/2013,,N/A-Stillemployed,Active,Production       ,Michael Albert,22,Linkedin,Fully Meets,4.29,5,0,1/28/2019,0,11
"Myers, Michael",10216,0,0,1,1,5,3,0,"RM57,575.00",0,19,Production Technician I,MA,1550,04/18/80,M ,Single,US Citizen,No,Asian,7/8/2013,,N/A-Stillemployed,Active,Production       ,Kissy Sullivan,20,Linkedin,Fully Meets,4.1,4,0,1/22/2019,0,13
"Navathe, Kurt",10079,0,0,1,1,3,3,0,"RM87,921.00",0,22,Senior BI Developer,MA,2056,04/25/70,M ,Single,US Citizen,No,Asian,2/10/2017,,N/A-Stillemployed,Active,IT/IS,Brian Champaigne,13,Indeed,Fully Meets,5,3,6,2/25/2019,0,17
"Ndzi, Colombui",10215,0,0,1,5,5,3,1,"RM50,470.00",1,19,Production Technician I,MA,2110,5/2/1989,M ,Single,US Citizen,No,Black or African American,9/26/2011,4/4/2014,Return To School,Voluntarily Terminated,Production       ,Webster Butler,39,Diversity Job Fair,Fully Meets,4.3,3,0,3/2/2013,0,19
"Ndzi, Horia",10185,1,1,1,5,5,3,0,"RM46,664.00",1,19,Production Technician I,MA,2421,03/28/83,M ,Married,US Citizen,No,White,4/1/2013,5/25/2016,More Money,Voluntarily Terminated,Production       ,Amy Dunn,11,Employee Referral,Fully Meets,3.18,3,0,3/6/2016,0,10
"Newman, Richard ",10063,1,1,1,3,5,3,0,"RM48,495.00",0,19,Production Technician I,MA,2136,4/8/1977,M ,Married,US Citizen,No,White,5/12/2014,,N/A-Stillemployed,Active,Production       ,Ketsia Liebig,19,Linkedin,Fully Meets,5,5,0,2/18/2019,0,11
"Ngodup, Shari ",10037,0,3,0,1,5,4,1,"RM52,984.00",0,19,Production Technician I,MA,1810,6/3/1967,F,Separated,US Citizen,No,Black or African American,4/1/2013,,N/A-Stillemployed,Active,Production       ,Brannon Miller,12,Diversity Job Fair,Exceeds,4,3,0,2/13/2019,0,12
"Nguyen, Dheepa",10042,0,0,0,1,6,3,0,"RM63,695.00",0,3,Area Sales Manager,GA,30428,03/31/89,F,Single,US Citizen,No,Two or more races,7/8/2013,,N/A-Stillemployed,Active,Sales,Lynn Daneault,21,Indeed,Fully Meets,5,5,0,1/25/2019,0,2
"Nguyen, Lei-Ming",10206,0,0,0,1,5,3,0,"RM62,061.00",0,19,Production Technician I,MA,2132,7/7/1984,F,Single,US Citizen,No,White,7/8/2013,,N/A-Stillemployed,Active,Production       ,David Stanley,14,Linkedin,Fully Meets,3.6,5,0,1/2/2019,0,4
"Nowlan, Kristie",10104,0,0,0,1,5,3,0,"RM66,738.00",0,20,Production Technician II,MA,1040,11/23/85,F,Single,US Citizen,No,White,11/10/2014,,N/A-Stillemployed,Active,Production       ,Elijiah Gray,16,Indeed,Fully Meets,4.53,5,0,1/16/2019,0,5
"O'hare, Lynn",10303,0,0,0,4,5,1,0,"RM52,674.00",1,19,Production Technician I,MA,2152,09/30/80,F,Single,US Citizen,No,Two or more races,3/31/2014,5/1/2018,Performance,Terminated For Cause,Production       ,Kissy Sullivan,20,Linkedin,Pip,2.33,2,0,3/9/2018,6,3
"Oliver, Brooke ",10078,1,1,0,5,5,3,0,"RM71,966.00",1,20,Production Technician II,MA,2492,2/11/1952,F,Married,US Citizen,No,Asian,5/14/2012,8/19/2013,Unhappy,Voluntarily Terminated,Production       ,Webster Butler,39,Linkedin,Fully Meets,5,3,0,7/2/2013,0,17
"Onque, Jasmine",10121,0,0,0,1,6,3,0,"RM63,051.00",0,3,Area Sales Manager,FL,33174,5/11/1990,F,Single,US Citizen,Yes,White,9/30/2013,,N/A-Stillemployed,Active,Sales,Lynn Daneault,21,Indeed,Fully Meets,4.28,3,0,1/25/2019,0,1
"Osturnka, Adeel",10021,1,1,1,1,5,4,0,"RM47,414.00",0,19,Production Technician I,MA,2478,12/11/1976,M ,Married,US Citizen,No,White,9/30/2013,,N/A-Stillemployed,Active,Production       ,Kelley Spirea,18,Linkedin,Exceeds,5,3,0,2/7/2019,0,13
"Owad, Clinton",10281,0,0,1,1,5,2,0,"RM53,060.00",0,19,Production Technician I,MA,1760,11/24/79,M ,Single,US Citizen,No,Black or African American,2/17/2014,,N/A-Stillemployed,Active,Production       ,Michael Albert,22,Linkedin,Needs Improvement,4.25,3,0,2/4/2019,4,6
"Ozark, Travis",10041,0,0,1,1,6,3,0,"RM68,829.00",0,3,Area Sales Manager,NC,27229,05/19/82,M ,Single,US Citizen,No,White,1/5/2015,,N/A-Stillemployed,Active,Sales,John Smith,17,Website,Fully Meets,5,5,0,1/14/2019,0,18
"Panjwani, Nina",10148,1,1,0,5,5,3,0,"RM63,515.00",1,19,Production Technician I,MA,2351,5/1/1979,F,Married,US Citizen,No,White,2/7/2011,1/12/2014,Another Position,Voluntarily Terminated,Production       ,Elijiah Gray,16,Google Search,Fully Meets,3.89,4,0,3/4/2013,0,7
"Patronick, Lucas",10005,0,0,1,5,4,4,1,"RM108,987.00",1,24,Software Engineer,MA,1844,02/20/79,M ,Single,US Citizen,No,Black or African American,11/7/2011,9/7/2015,Another Position,Voluntarily Terminated,Software Engineering,Alex Sweetwater,10,Diversity Job Fair,Exceeds,5,5,3,8/16/2015,0,13
"Pearson, Randall",10259,1,1,1,5,3,3,0,"RM93,093.00",1,9,Data Analyst,MA,2747,9/5/1984,M ,Married,US Citizen,No,White,12/1/2014,5/1/2016,Performance,Voluntarily Terminated,IT/IS,Simon Roup,4,Employee Referral,Fully Meets,4.7,4,5,1/16/2016,0,19
"Smith, Martin",10286,0,0,1,5,5,2,0,"RM53,564.00",1,19,Production Technician I,MA,2458,03/17/88,M ,Single,US Citizen,No,Black or African American,1/10/2011,12/28/2017,Career Change,Voluntarily Terminated,Production       ,Webster Butler,39,Google Search,Needs Improvement,3.54,5,0,4/6/2017,4,15
"Pelletier, Ermine",10297,1,1,0,5,5,2,0,"RM60,270.00",1,20,Production Technician II,MA,2472,07/18/89,F,Married,US Citizen,No,Asian,7/5/2011,9/15/2015,Unhappy,Voluntarily Terminated,Production       ,Amy Dunn,11,Careerbuilder,Needs Improvement,2.4,5,0,2/6/2015,5,2
"Perry, Shakira",10171,0,0,0,5,5,3,0,"RM45,998.00",1,19,Production Technician I,MA,2176,07/20/86,F,Single,US Citizen,No,White,5/16/2011,10/25/2015,Medical Issues,Voluntarily Terminated,Production       ,Amy Dunn,11,Linkedin,Fully Meets,3.45,4,0,5/13/2014,0,5
"Peters, Lauren",10032,1,1,0,5,5,4,0,"RM57,954.00",1,20,Production Technician II,MA,1886,08/17/86,F,Married,US Citizen,No,White,5/16/2011,2/4/2013,More Money,Voluntarily Terminated,Production       ,Ketsia Liebig,19,Indeed,Exceeds,4.2,5,0,1/10/2013,0,12
"Peterson, Ebonee  ",10130,1,1,0,5,5,3,0,"RM74,669.00",1,18,Production Manager,MA,2030,5/9/1977,F,Married,US Citizen,No,White,10/25/2010,5/18/2016,Another Position,Voluntarily Terminated,Production       ,Janet King,2,Indeed,Fully Meets,4.16,5,0,3/5/2015,0,6
"Petingill, Shana  ",10217,1,1,0,1,5,3,0,"RM74,226.00",0,20,Production Technician II,MA,2050,3/10/1979,F,Married,Eligible NonCitizen,No,Asian,4/2/2012,,N/A-Stillemployed,Active,Production       ,Brannon Miller,12,Linkedin,Fully Meets,4.3,3,0,1/14/2019,0,14
"Petrowsky, Thelma",10016,1,1,0,1,3,4,0,"RM93,554.00",0,9,Data Analyst,MA,1886,09/16/84,F,Married,US Citizen,No,Black or African American,11/10/2014,,N/A-Stillemployed,Active,IT/IS,Simon Roup,4,Employee Referral,Exceeds,4.6,5,7,1/4/2019,0,16
"Pham, Hong",10050,1,1,1,5,5,3,0,"RM64,724.00",1,19,Production Technician I,MA,2451,3/6/1988,M ,Married,US Citizen,No,Asian,7/5/2011,11/30/2012,More Money,Voluntarily Terminated,Production       ,Brannon Miller,12,Google Search,Fully Meets,5,3,0,2/20/2012,0,13
"Pitt, Brad ",10164,0,0,1,1,5,3,0,"RM47,001.00",0,19,Production Technician I,MA,2451,11/23/81,M ,Single,US Citizen,No,White,11/5/2007,,N/A-Stillemployed,Active,Production       ,David Stanley,14,Google Search,Fully Meets,3.66,3,0,2/25/2019,0,15
"Potts, Xana",10124,1,1,0,1,6,3,0,"RM61,844.00",0,3,Area Sales Manager,KY,40220,08/29/88,F,Married,US Citizen,No,Black or African American,1/9/2012,,N/A-Stillemployed,Active,Sales,Lynn Daneault,21,Website,Fully Meets,4.2,5,0,2/1/2019,0,9
"Power, Morissa",10187,0,2,0,5,5,3,0,"RM46,799.00",1,19,Production Technician I,MA,1742,10/15/84,F,Divorced,Eligible NonCitizen,No,Asian,5/16/2011,6/4/2018,Another Position,Voluntarily Terminated,Production       ,Kissy Sullivan,20,Google Search,Fully Meets,3.17,4,0,4/2/2018,0,14
"Punjabhi, Louis  ",10225,0,0,1,1,5,3,0,"RM59,472.00",0,19,Production Technician I,MA,2109,06/19/61,M ,Single,US Citizen,No,White,1/6/2014,,N/A-Stillemployed,Active,Production       ,Kelley Spirea,18,Employee Referral,Fully Meets,4.8,3,0,1/7/2019,0,14
"Purinton, Janine",10262,0,2,0,5,5,3,0,"RM46,430.00",1,19,Production Technician I,MA,2474,09/22/70,F,Divorced,US Citizen,No,White,9/24/2012,6/18/2013,Unhappy,Voluntarily Terminated,Production       ,Kissy Sullivan,20,Indeed,Fully Meets,4.5,5,0,4/2/2013,0,16
"Quinn, Sean",10131,1,1,1,5,1,3,1,"RM83,363.00",1,23,Software Engineer,MA,2045,11/6/1984,M ,Married,Eligible NonCitizen,No,Black or African American,2/21/2011,8/15/2015,Career Change,Voluntarily Terminated,Software Engineering,Janet King,2,Diversity Job Fair,Fully Meets,4.15,4,0,4/19/2014,0,4
"Rachael, Maggie",10239,1,1,0,1,3,3,0,"RM95,920.00",0,4,BI Developer,MA,2110,5/12/1980,F,Married,US Citizen,No,Black or African American,10/2/2016,,N/A-Stillemployed,Active,IT/IS,Brian Champaigne,13,Indeed,Fully Meets,4.4,4,6,2/6/2019,0,10
"Rarrick, Quinn",10152,0,2,1,5,5,3,0,"RM61,729.00",1,19,Production Technician I,MA,2478,12/31/84,M ,Divorced,US Citizen,No,White,9/26/2011,4/7/2018,More Money,Voluntarily Terminated,Production       ,Michael Albert,22,Indeed,Fully Meets,3.8,5,0,2/4/2018,0,19
"Ren, Kylo",10140,1,1,1,1,6,3,0,"RM61,809.00",0,3,Area Sales Manager,ID,83706,10/12/1954,M ,Married,US Citizen,No,White,5/12/2014,,N/A-Stillemployed,Active,Sales,John Smith,17,Careerbuilder,Fully Meets,3.98,3,0,1/28/2019,0,4
"Rhoads, Thomas",10058,0,2,1,5,5,3,0,"RM45,115.00",1,19,Production Technician I,MA,2176,07/22/82,M ,Divorced,US Citizen,Yes,White,5/16/2011,1/15/2016,Retiring,Voluntarily Terminated,Production       ,Elijiah Gray,16,Linkedin,Fully Meets,5,4,0,3/30/2015,0,11
"Rivera, Haley  ",10011,1,1,0,1,5,4,0,"RM46,738.00",0,19,Production Technician I,MA,2171,1/12/1973,F,Married,US Citizen,No,Asian,11/28/2011,,N/A-Stillemployed,Active,Production       ,Webster Butler,,Google Search,Exceeds,4.36,5,0,2/11/2019,0,16
"Roberson, May",10230,0,2,0,5,5,3,0,"RM64,971.00",1,20,Production Technician II,MA,1902,9/5/1981,F,Divorced,Eligible NonCitizen,No,Black or African American,9/26/2011,10/22/2011,Return To School,Voluntarily Terminated,Production       ,David Stanley,14,Google Search,Fully Meets,4.5,4,0,10/22/2011,0,10
"Robertson, Peter",10224,1,1,1,5,5,3,0,"RM55,578.00",1,20,Production Technician II,MA,2138,7/3/1972,M ,Married,US Citizen,No,White,7/5/2011,2/8/2012,Another Position,Voluntarily Terminated,Production       ,Kissy Sullivan,20,Indeed,Fully Meets,4.2,5,0,1/6/2012,0,13
"Robinson, Alain  ",10047,1,1,1,5,5,3,0,"RM50,428.00",1,19,Production Technician I,MA,1420,1/7/1974,M ,Married,US Citizen,No,Black or African American,1/10/2011,1/26/2016,Attendance,Voluntarily Terminated,Production       ,Amy Dunn,11,Indeed,Fully Meets,5,3,0,1/10/2015,0,11
"Robinson, Cherly",10285,1,1,0,4,5,2,0,"RM61,422.00",1,19,Production Technician I,MA,1460,1/7/1985,F,Married,US Citizen,No,White,1/10/2011,5/17/2016,Attendance,Terminated For Cause,Production       ,Ketsia Liebig,19,Indeed,Needs Improvement,3.6,3,0,4/5/2016,4,16
"Robinson, Elias",10020,0,4,1,1,5,4,0,"RM63,353.00",0,19,Production Technician I,MA,1730,01/28/85,M ,Widowed,US Citizen,No,White,7/8/2013,,N/A-Stillemployed,Active,Production       ,Brannon Miller,12,Employee Referral,Exceeds,3.6,5,0,2/11/2019,0,4
"Roby, Lori ",10162,1,1,0,1,3,3,0,"RM89,883.00",0,9,Data Analyst,MA,1886,10/11/1981,F,Married,US Citizen,No,White,2/16/2015,,N/A-Stillemployed,Active,IT/IS,Simon Roup,4,Employee Referral,Fully Meets,3.69,5,6,2/14/2019,0,15
"Roehrich, Bianca",10149,0,0,0,5,3,3,0,"RM120,000.00",1,29,Principal Data Architect,MA,2703,05/27/73,F,Single,US Citizen,Yes,White,1/5/2015,11/10/2018,Another Position,Voluntarily Terminated,IT/IS,Simon Roup,4,Linkedin,Fully Meets,3.88,3,7,2/13/2018,0,12
"Roper, Katie",10086,0,0,0,1,3,3,0,"RM150,290.00",0,7,Data Architect,MA,2056,11/21/72,F,Single,US Citizen,No,Black or African American,1/7/2017,,N/A-Stillemployed,Active,IT/IS,Brian Champaigne,13,Indeed,Fully Meets,4.94,3,5,2/6/2019,0,17
"Rose, Ashley  ",10054,0,3,0,1,5,3,0,"RM60,627.00",0,19,Production Technician I,MA,1886,12/5/1974,F,Separated,US Citizen,No,White,1/6/2014,,N/A-Stillemployed,Active,Production       ,David Stanley,14,Website,Fully Meets,5,4,0,1/31/2019,0,8
"Rossetti, Bruno",10065,0,0,1,5,5,3,0,"RM53,180.00",1,19,Production Technician I,MA,2155,03/18/87,M ,Single,US Citizen,No,White,4/4/2011,8/13/2018,Another Position,Voluntarily Terminated,Production       ,Kissy Sullivan,20,Google Search,Fully Meets,5,5,0,7/2/2018,0,4
"Roup,Simon",10198,0,0,1,1,3,3,0,"RM140,920.00",0,13,IT Manager - DB,MA,2481,4/5/1973,M ,Single,US Citizen,No,White,1/20/2013,,N/A-Stillemployed,Active,IT/IS,Jennifer Zamora,5,Indeed,Fully Meets,3.6,5,7,2/18/2019,0,13
"Ruiz, Ricardo",10222,0,2,1,5,3,3,1,"RM148,999.00",1,13,IT Manager - DB,MA,1915,1/4/1964,M ,Divorced,US Citizen,No,Black or African American,1/9/2012,11/4/2015,Hours,Voluntarily Terminated,IT/IS,Jennifer Zamora,5,Diversity Job Fair,Fully Meets,4.3,4,6,1/4/2015,0,8
"Saada, Adell",10126,1,1,0,1,4,3,0,"RM86,214.00",0,24,Software Engineer,MA,2132,07/24/86,F,Married,US Citizen,No,White,11/5/2012,,N/A-Stillemployed,Active,Software Engineering,Alex Sweetwater,10,Indeed,Fully Meets,4.2,3,6,2/13/2019,0,2
"Saar-Beckles, Melinda",10295,0,0,0,2,5,2,1,"RM47,750.00",0,19,Production Technician I,MA,1801,6/6/1968,F,Single,US Citizen,No,Black or African American,7/4/2016,,N/A-Stillemployed,Active,Production       ,Kelley Spirea,18,Diversity Job Fair,Needs Improvement,2.6,4,0,2/18/2019,5,4
"Sadki, Nore  ",10260,0,0,1,5,5,3,0,"RM46,428.00",1,19,Production Technician I,MA,2148,12/21/74,M ,Single,US Citizen,No,White,1/5/2009,7/30/2018,Relocation Out Of Area,Voluntarily Terminated,Production       ,Michael Albert,22,Google Search,Fully Meets,4.6,5,0,2/5/2018,0,7
"Sahoo, Adil",10233,1,1,1,1,5,3,0,"RM57,975.00",0,20,Production Technician II,MA,2062,04/26/86,M ,Married,US Citizen,No,White,8/30/2010,,N/A-Stillemployed,Active,Production       ,Kelley Spirea,18,Careerbuilder,Fully Meets,4.1,3,0,1/10/2019,0,13
"Salter, Jason",10229,0,2,1,5,3,3,0,"RM88,527.00",1,9,Data Analyst ,MA,2452,12/17/87,M ,Divorced,US Citizen,No,Black or African American,1/5/2015,10/31/2015,Hours,Voluntarily Terminated,IT/IS,Simon Roup,4,Linkedin,Fully Meets,4.2,3,5,4/20/2015,0,2
"Sander, Kamrin",10169,1,1,0,1,5,3,0,"RM56,147.00",0,19,Production Technician I,MA,2154,7/10/1988,F,Married,US Citizen,No,Black or African American,9/29/2014,,N/A-Stillemployed,Active,Production       ,Elijiah Gray,16,Linkedin,Fully Meets,3.51,3,0,2/18/2019,0,2
"Sewkumar, Nori",10071,0,0,0,3,5,3,0,"RM50,923.00",0,19,Production Technician I,MA,2191,3/10/1975,F,Single,US Citizen,No,Asian,9/30/2013,,N/A-Stillemployed,Active,Production       ,Webster Butler,,Google Search,Fully Meets,5,5,0,2/6/2019,0,14
"Shepard, Anita ",10179,1,1,0,1,3,3,0,"RM50,750.00",0,15,Network Engineer,MA,1773,04/14/81,F,Married,US Citizen,No,White,9/30/2014,,N/A-Stillemployed,Active,IT/IS,Peter Monroe,7,Linkedin,Fully Meets,3.31,3,6,1/7/2019,0,7
"Shields, Seffi",10091,1,1,0,1,5,3,0,"RM52,087.00",0,19,Production Technician I,MA,2149,08/24/85,F,Married,US Citizen,No,White,8/19/2013,,N/A-Stillemployed,Active,Production       ,Amy Dunn,11,Linkedin,Fully Meets,4.81,4,0,2/15/2019,0,15
"Simard, Kramer",10178,1,1,1,1,3,3,0,"RM87,826.00",0,9,Data Analyst,MA,2110,2/8/1970,M ,Married,US Citizen,Yes,White,1/5/2015,,N/A-Stillemployed,Active,IT/IS,Simon Roup,4,Employee Referral,Fully Meets,3.32,3,7,1/14/2019,0,16
"Singh, Nan ",10039,0,0,0,1,1,3,0,"RM51,920.00",0,2,Administrative Assistant,MA,2330,05/19/88,F,Single,US Citizen,No,White,5/1/2015,,N/A-Stillemployed,Active,Admin Offices,Brandon R. Leblanc,1,Website,Fully Meets,5,3,5,1/15/2019,0,2
"Sloan, Constance",10095,0,0,0,5,5,3,0,"RM63,878.00",1,20,Production Technician II,MA,1851,11/25/87,F,Single,US Citizen,No,White,10/26/2009,4/8/2015,Maternity Leave - Did Not Return,Voluntarily Terminated,Production       ,Michael Albert,22,Careerbuilder,Fully Meets,4.68,4,0,4/2/2015,0,20
"Smith, Joe",10027,0,0,1,1,5,4,0,"RM60,656.00",0,20,Production Technician II,MA,2045,10/30/63,M ,Single,US Citizen,No,White,9/29/2014,,N/A-Stillemployed,Active,Production       ,Elijiah Gray,16,Indeed,Exceeds,4.3,3,0,1/28/2019,0,4
"Smith, John",10291,0,2,1,1,6,2,1,"RM72,992.00",0,21,Sales Manager,MA,1886,08/16/84,M ,Divorced,US Citizen,No,Black or African American,5/18/2014,,N/A-Stillemployed,Active,Sales,Debra Houlihan,15,Diversity Job Fair,Needs Improvement,2.4,4,0,1/16/2019,2,16
"Smith, Leigh Ann",10153,1,1,0,5,1,3,1,"RM55,000.00",1,2,Administrative Assistant,MA,1844,06/14/87,F,Married,US Citizen,No,Black or African American,9/26/2011,9/25/2013,Career Change,Voluntarily Terminated,Admin Offices,Brandon R. Leblanc,1,Diversity Job Fair,Fully Meets,3.8,4,4,8/15/2013,0,17
"Smith, Sade",10157,0,0,0,1,5,3,0,"RM58,939.00",0,19,Production Technician I,MA,2130,2/2/1965,F,Single,US Citizen,No,White,11/11/2013,,N/A-Stillemployed,Active,Production       ,Ketsia Liebig,19,Employee Referral,Fully Meets,3.73,3,0,1/24/2019,0,16
"Soto, Julia ",10119,1,1,0,1,3,3,0,"RM66,593.00",0,14,IT Support,MA,2360,3/12/1973,F,Married,US Citizen,No,Black or African American,6/10/2011,,N/A-Stillemployed,Active,IT/IS,Eric Dougall,6,Linkedin,Fully Meets,4.3,3,5,2/8/2019,0,19
"Soze, Keyser",10180,1,1,1,2,3,3,0,"RM87,565.00",0,28,Sr. Network Engineer,MA,1545,2/9/1983,M ,Married,US Citizen,No,Asian,6/30/2016,,N/A-Stillemployed,Active,IT/IS,Peter Monroe,7,Linkedin,Fully Meets,3.27,4,5,1/14/2019,0,13
"Sparks, Taylor  ",10302,1,1,0,1,5,1,0,"RM64,021.00",0,19,Production Technician I,MA,2093,07/20/68,F,Married,US Citizen,No,White,2/20/2012,,N/A-Stillemployed,Active,Production       ,Brannon Miller,12,Indeed,Pip,2.4,2,1,2/25/2019,6,20
"Spirea, Kelley",10090,1,1,0,1,5,3,0,"RM65,714.00",0,18,Production Manager,MA,2451,09/30/75,F,Married,US Citizen,No,White,10/2/2012,,N/A-Stillemployed,Active,Production       ,Janet King,2,Linkedin,Fully Meets,4.83,5,0,2/14/2019,0,15
"Squatrito, Kristen",10030,0,2,0,5,5,4,0,"RM62,425.00",1,19,Production Technician I,MA,2359,03/26/73,F,Divorced,US Citizen,No,White,5/13/2013,6/29/2015,Unhappy,Voluntarily Terminated,Production       ,David Stanley,14,Linkedin,Exceeds,4.1,4,0,3/2/2015,0,16
"Stanford,Barbara  M",10278,0,2,0,1,5,3,0,"RM47,961.00",0,19,Production Technician I,MA,2050,08/25/82,F,Divorced,US Citizen,No,Two or more races,1/10/2011,,N/A-Stillemployed,Active,Production       ,Kissy Sullivan,20,Google Search,Fully Meets,4.1,4,0,2/7/2019,0,9
"Stansfield, Norman",10307,1,1,1,1,6,1,0,"RM58,273.00",0,3,Area Sales Manager,NV,89139,5/9/1974,M ,Married,US Citizen,No,White,5/12/2014,,N/A-Stillemployed,Active,Sales,Lynn Daneault,21,Website,Pip,1.81,2,0,1/17/2019,3,5
"Steans, Tyrone  ",10147,0,0,1,1,1,3,0,"RM63,003.00",0,1,Accountant I,MA,2703,9/1/1986,M ,Single,US Citizen,No,White,9/29/2014,,N/A-Stillemployed,Active,Admin Offices,Brandon R. Leblanc,1,Indeed,Fully Meets,3.9,5,5,1/18/2019,0,9
"Stoica, Rick",10266,1,1,1,1,5,3,0,"RM61,355.00",0,19,Production Technician I,MA,2301,03/14/85,M ,Married,US Citizen,No,Asian,2/17/2014,,N/A-Stillemployed,Active,Production       ,Kelley Spirea,18,Linkedin,Fully Meets,4.7,3,0,1/11/2019,0,4
"Strong, Caitrin",10241,1,1,0,1,6,3,0,"RM60,120.00",0,3,Area Sales Manager,MT,59102,5/12/1989,F,Married,US Citizen,No,Black or African American,9/27/2010,,N/A-Stillemployed,Active,Sales,John Smith,17,Indeed,Fully Meets,4.1,4,0,1/31/2019,0,18
"Sullivan, Kissy ",10158,1,1,0,1,5,3,0,"RM63,682.00",0,18,Production Manager,MA,1776,03/28/78,F,Married,US Citizen,No,Black or African American,1/8/2009,,N/A-Stillemployed,Active,Production       ,Janet King,2,Indeed,Fully Meets,3.73,4,0,1/24/2019,0,12
"Sullivan, Timothy",10117,1,1,1,1,5,3,0,"RM63,025.00",0,19,Production Technician I,MA,2747,10/7/1982,M ,Married,US Citizen,Yes,White,1/5/2015,,N/A-Stillemployed,Active,Production       ,Michael Albert,22,Google Search,Fully Meets,4.36,5,0,1/24/2019,0,10
"Sutwell, Barbara",10209,0,0,0,1,5,3,0,"RM59,238.00",0,19,Production Technician I,MA,2718,08/15/68,F,Single,Eligible NonCitizen,No,Asian,5/14/2012,,N/A-Stillemployed,Active,Production       ,Elijiah Gray,16,Indeed,Fully Meets,3.4,5,0,1/31/2019,0,13
"Szabo, Andrew",10024,0,0,1,1,4,4,0,"RM92,989.00",0,24,Software Engineer,MA,2140,5/6/1983,M ,Single,US Citizen,No,White,7/7/2014,,N/A-Stillemployed,Active,Software Engineering,Alex Sweetwater,10,Linkedin,Exceeds,4.5,5,5,2/18/2019,0,1
"Tannen, Biff",10173,1,1,1,1,3,3,0,"RM90,100.00",0,4,BI Developer,MA,2134,10/24/87,M ,Married,US Citizen,No,White,4/20/2017,,N/A-Stillemployed,Active,IT/IS,Brian Champaigne,13,Indeed,Fully Meets,3.4,3,6,1/2/2019,0,14
"Tavares, Desiree  ",10221,1,1,0,5,5,3,1,"RM60,754.00",1,19,Production Technician I,MA,1801,4/3/1975,F,Married,Non-Citizen,No,Black or African American,4/27/2009,4/1/2013,Another Position,Voluntarily Terminated,Production       ,Webster Butler,39,Diversity Job Fair,Fully Meets,4.5,5,0,2/15/2012,0,11
"Tejeda, Lenora ",10146,1,1,0,5,5,3,0,"RM72,202.00",1,20,Production Technician II,MA,2129,05/24/53,F,Married,US Citizen,No,White,5/16/2011,7/8/2017,Another Position,Voluntarily Terminated,Production       ,Elijiah Gray,16,Google Search,Fully Meets,3.93,3,0,4/18/2017,0,3
"Terry, Sharlene ",10161,0,0,0,1,6,3,0,"RM58,370.00",0,3,Area Sales Manager,OR,97756,5/7/1965,F,Single,US Citizen,No,Black or African American,9/29/2014,,N/A-Stillemployed,Active,Sales,Lynn Daneault,21,Indeed,Fully Meets,3.69,3,0,1/28/2019,0,18
"Theamstern, Sophia",10141,0,0,0,5,5,3,0,"RM48,413.00",1,19,Production Technician I,MA,2066,5/9/1965,F,Single,US Citizen,No,White,7/5/2011,9/5/2016,Return To School,Voluntarily Terminated,Production       ,Amy Dunn,11,Indeed,Fully Meets,3.98,4,0,3/2/2016,0,1
"Thibaud, Kenneth",10268,0,4,1,5,5,3,0,"RM67,176.00",1,20,Production Technician II,MA,2472,09/16/75,M ,Widowed,US Citizen,No,White,6/25/2007,8/30/2010,Military,Voluntarily Terminated,Production       ,Webster Butler,39,Other,Fully Meets,4.1,4,0,7/14/2010,0,15
"Tippett, Jeanette",10123,0,2,0,1,5,3,0,"RM56,339.00",0,19,Production Technician I,MA,2093,6/5/1967,F,Divorced,US Citizen,No,Black or African American,2/18/2013,,N/A-Stillemployed,Active,Production       ,Brannon Miller,12,Indeed,Fully Meets,4.21,5,0,1/14/2019,0,4
"Torrence, Jack",10013,0,3,1,1,6,4,0,"RM64,397.00",0,3,Area Sales Manager,ND,58782,01/15/68,M ,Separated,US Citizen,No,White,1/9/2006,,N/A-Stillemployed,Active,Sales,Lynn Daneault,21,Indeed,Exceeds,4.1,3,0,1/4/2019,0,6
"Trang, Mei",10287,0,0,0,1,5,2,0,"RM63,025.00",0,19,Production Technician I,MA,2021,05/16/83,F,Single,US Citizen,No,White,2/17/2014,,N/A-Stillemployed,Active,Production       ,David Stanley,14,Linkedin,Needs Improvement,2.44,5,0,2/11/2019,4,18
"Tredinnick, Neville ",10044,1,1,1,5,3,3,0,"RM75,281.00",1,15,Network Engineer,MA,1420,5/5/1988,M ,Married,US Citizen,No,White,1/5/2015,2/12/2016,Medical Issues,Voluntarily Terminated,IT/IS,Peter Monroe,7,Careerbuilder,Fully Meets,5,3,5,4/15/2015,0,11
"True, Edward",10102,0,0,1,5,4,3,1,"RM100,416.00",1,24,Software Engineer,MA,2451,06/14/83,M ,Single,Non-Citizen,No,Black or African American,2/18/2013,4/15/2018,Medical Issues,Voluntarily Terminated,Software Engineering,Alex Sweetwater,10,Diversity Job Fair,Fully Meets,4.6,3,4,2/12/2017,0,9
"Trzeciak, Cybil",10270,0,0,0,5,5,3,0,"RM74,813.00",1,20,Production Technician II,MA,1778,03/15/85,F,Single,US Citizen,No,White,1/10/2011,7/2/2014,Unhappy,Voluntarily Terminated,Production       ,Amy Dunn,11,Linkedin,Fully Meets,4.4,3,0,1/5/2014,0,5
"Turpin, Jumil",10045,1,1,1,1,3,3,0,"RM76,029.00",0,15,Network Engineer,MA,2343,03/31/69,M ,Married,Eligible NonCitizen,No,White,3/30/2015,,N/A-Stillemployed,Active,IT/IS,Peter Monroe,7,Employee Referral,Fully Meets,5,4,7,1/14/2019,0,8
"Valentin,Jackie",10205,1,1,0,1,6,3,0,"RM57,859.00",0,3,Area Sales Manager,AZ,85006,05/23/91,F,Married,US Citizen,No,Two or more races,7/5/2011,,N/A-Stillemployed,Active,Sales,John Smith,17,Indeed,Fully Meets,2.81,3,0,1/17/2019,0,16
"Veera, Abdellah ",10014,0,2,1,5,5,4,0,"RM58,523.00",1,19,Production Technician I,MA,2171,01/31/87,M ,Divorced,US Citizen,No,White,8/13/2012,2/5/2016,Maternity Leave - Did Not Return,Voluntarily Terminated,Production       ,Kissy Sullivan,20,Linkedin,Exceeds,4.5,5,0,2/1/2016,0,15
"Vega, Vincent",10144,0,2,1,1,5,3,0,"RM88,976.00",0,17,Production Manager,MA,2169,10/10/1968,M ,Divorced,US Citizen,No,White,8/1/2011,,N/A-Stillemployed,Active,Production       ,Janet King,2,Employee Referral,Fully Meets,3.93,3,0,2/27/2019,0,19
"Villanueva, Noah",10253,0,0,1,1,6,3,0,"RM55,875.00",0,3,Area Sales Manager,ME,4063,7/11/1989,M ,Single,US Citizen,No,Asian,3/5/2012,,N/A-Stillemployed,Active,Sales,John Smith,17,Website,Fully Meets,4.5,4,0,1/18/2019,0,11
"Voldemort, Lord",10118,1,1,1,4,3,3,0,"RM113,999.00",1,8,Database Administrator,MA,1960,8/7/1986,M ,Married,US Citizen,No,Black or African American,2/16/2015,2/22/2017,"No-Call, No-Show",Terminated For Cause,IT/IS,Simon Roup,4,Employee Referral,Fully Meets,4.33,3,7,2/15/2017,0,9
"Volk, Colleen",10022,1,1,0,4,5,4,0,"RM49,773.00",1,19,Production Technician I,MA,2747,6/3/1986,F,Married,US Citizen,No,White,9/26/2011,2/8/2016,Gross Misconduct,Terminated For Cause,Production       ,Kelley Spirea,18,Google Search,Exceeds,4.3,5,0,2/1/2015,0,18
"Von Massenbach, Anna",10183,0,0,0,2,5,3,0,"RM62,068.00",0,19,Production Technician I,MA,2124,4/6/1985,F,Single,US Citizen,No,White,7/5/2015,,N/A-Stillemployed,Active,Production       ,Michael Albert,22,Linkedin,Fully Meets,3.21,3,0,1/29/2019,0,7
"Walker, Roger",10190,0,0,1,1,5,3,0,"RM66,541.00",0,20,Production Technician II,MA,2459,2/10/1976,M ,Single,US Citizen,No,Black or African American,8/18/2014,,N/A-Stillemployed,Active,Production       ,Ketsia Liebig,19,Employee Referral,Fully Meets,3.11,5,0,2/12/2019,0,4
"Wallace, Courtney  E",10274,1,1,0,5,5,3,1,"RM80,512.00",1,18,Production Manager,MA,2478,11/14/55,F,Married,US Citizen,No,Black or African American,9/26/2011,1/2/2012,Another Position,Voluntarily Terminated,Production       ,Janet King,2,Diversity Job Fair,Fully Meets,4.5,3,0,1/2/2012,0,5
"Wallace, Theresa",10293,0,0,0,5,5,2,0,"RM50,274.00",1,19,Production Technician I,MA,1887,8/2/1980,F,Single,US Citizen,No,White,8/13/2012,9/1/2015,Career Change,Voluntarily Terminated,Production       ,Elijiah Gray,16,Careerbuilder,Needs Improvement,2.5,3,0,9/5/2014,6,13
"Wang, Charlie",10172,0,0,1,1,3,3,0,"RM84,903.00",0,22,Senior BI Developer,MA,1887,7/8/1981,M ,Single,US Citizen,No,Asian,2/15/2017,,N/A-Stillemployed,Active,IT/IS,Brian Champaigne,13,Indeed,Fully Meets,3.42,4,7,1/4/2019,0,17
"Warfield, Sarah",10127,0,4,0,1,3,3,0,"RM107,226.00",0,28,Sr. Network Engineer,MA,2453,5/2/1978,F,Widowed,US Citizen,No,Asian,3/30/2015,,N/A-Stillemployed,Active,IT/IS,Peter Monroe,7,Employee Referral,Fully Meets,4.2,4,8,2/5/2019,0,7
"Whittier, Scott",10072,0,0,1,5,5,3,0,"RM58,371.00",1,19,Production Technician I,MA,2030,05/24/87,M ,Single,US Citizen,Yes,White,1/10/2011,5/15/2014,Hours,Voluntarily Terminated,Production       ,Webster Butler,39,Linkedin,Fully Meets,5,5,0,5/15/2014,0,11
"Wilber, Barry",10048,1,1,1,5,5,3,0,"RM55,140.00",1,19,Production Technician I,MA,2324,9/9/1965,M ,Married,Eligible NonCitizen,No,White,5/16/2011,9/7/2015,Unhappy,Voluntarily Terminated,Production       ,Amy Dunn,11,Website,Fully Meets,5,3,0,2/15/2015,0,7
"Wilkes, Annie",10204,0,2,0,5,5,3,0,"RM58,062.00",1,19,Production Technician I,MA,1876,07/30/83,F,Divorced,US Citizen,No,White,1/10/2011,5/14/2012,Another Position,Voluntarily Terminated,Production       ,Ketsia Liebig,19,Google Search,Fully Meets,3.6,5,0,2/6/2011,0,9
"Williams, Jacquelyn  ",10264,0,0,0,5,5,3,1,"RM59,728.00",1,19,Production Technician I,MA,2109,10/2/1969,F,Single,US Citizen,Yes,Black or African American,1/9/2012,6/27/2015,Relocation Out Of Area,Voluntarily Terminated,Production       ,Ketsia Liebig,19,Diversity Job Fair,Fully Meets,4.3,4,0,6/2/2014,0,16
"Winthrop, Jordan  ",10033,0,0,1,5,5,4,0,"RM70,507.00",1,20,Production Technician II,MA,2045,11/7/1958,M ,Single,US Citizen,No,White,1/7/2013,2/21/2016,Retiring,Voluntarily Terminated,Production       ,Brannon Miller,12,Linkedin,Exceeds,5,3,0,1/19/2016,0,7
"Wolk, Hang  T",10174,0,0,0,1,5,3,0,"RM60,446.00",0,20,Production Technician II,MA,2302,04/20/85,F,Single,US Citizen,No,White,9/29/2014,,N/A-Stillemployed,Active,Production       ,David Stanley,14,Linkedin,Fully Meets,3.4,4,0,2/21/2019,0,14
"Woodson, Jason",10135,0,0,1,1,5,3,0,"RM65,893.00",0,20,Production Technician II,MA,1810,5/11/1985,M ,Single,US Citizen,No,White,7/7/2014,,N/A-Stillemployed,Active,Production       ,Kissy Sullivan,20,Linkedin,Fully Meets,4.07,4,0,2/28/2019,0,13
"Ybarra, Catherine ",10301,0,0,0,5,5,1,0,"RM48,513.00",1,19,Production Technician I,MA,2458,5/4/1982,F,Single,US Citizen,No,Asian,9/2/2008,9/29/2015,Another Position,Voluntarily Terminated,Production       ,Brannon Miller,12,Google Search,Pip,3.2,2,0,9/2/2015,5,4
"Zamora, Jennifer",10010,0,0,0,1,3,4,0,"RM220,450.00",0,6,CIO,MA,2067,08/30/79,F,Single,US Citizen,No,White,4/10/2010,,N/A-Stillemployed,Active,IT/IS,Janet King,2,Employee Referral,Exceeds,4.6,5,6,2/21/2019,0,16
"Zhou, Julia",10043,0,0,0,1,3,3,0,"RM89,292.00",0,9,Data Analyst,MA,2148,02/24/79,F,Single,US Citizen,No,White,3/30/2015,,N/A-Stillemployed,Active,IT/IS,Simon Roup,4,Employee Referral,Fully Meets,5,3,5,2/1/2019,0,11
"Zima, Colleen",10271,0,4,0,1,5,3,0,"RM45,046.00",0,19,Production Technician I,MA,1730,08/17/78,F,Widowed,US Citizen,No,Asian,9/29/2014,,N/A-Stillemployed,Active,Production       ,David Stanley,14,Linkedin,Fully Meets,4.5,5,0,1/30/2019,0,2
